// Generated by scripts/make_rust_tables.py from Python 3.10's unicodedata (Unicode 13.0.0) — do not edit.
#![allow(clippy::unreadable_literal)]

/// Lengths of alternating runs from U+0000: assigned, unassigned, … (_unicode13.RUNS).
pub const ASSIGNED_RUNS: &[u32] = &[888, 2, 6, 4, 7, 1, 1, 1, 20, 1, 397, 1, 38, 2, 50, 2, 3, 1, 55, 8, 27, 4, 6, 11, 29, 1, 240, 1, 60, 2, 101, 14, 59, 2, 49, 2, 15, 1, 28, 2, 1, 1, 11, 53, 21, 1, 18, 11, 177, 1, 8, 2, 2, 2, 22, 1, 7, 1, 1, 3, 4, 2, 9, 2, 2, 2, 4, 8, 1, 4, 2, 1, 5, 2, 25, 2, 3, 1, 6, 4, 2, 2, 22, 1, 7, 1, 2, 1, 2, 1, 2, 2, 1, 1, 5, 4, 2, 2, 3, 3, 1, 7, 4, 1, 1, 7, 17, 10, 3, 1, 9, 1, 3, 1, 22, 1, 7, 1, 2, 1, 5, 2, 10, 1, 3, 1, 3, 2, 1, 15, 4, 2, 12, 7, 7, 1, 3, 1, 8, 2, 2, 2, 22, 1, 7, 1, 2, 1, 5, 2, 9, 2, 2, 2, 3, 7, 3, 4, 2, 1, 5, 2, 18, 10, 2, 1, 6, 3, 3, 1, 4, 3, 2, 1, 1, 1, 2, 3, 2, 3, 3, 3, 12, 4, 5, 3, 3, 1, 4, 2, 1, 6, 1, 14, 21, 5, 13, 1, 3, 1, 23, 1, 16, 3, 8, 1, 3, 1, 4, 7, 2, 1, 3, 5, 4, 2, 10, 7, 22, 1, 3, 1, 23, 1, 10, 1, 5, 2, 9, 1, 3, 1, 4, 7, 2, 7, 1, 1, 4, 2, 10, 1, 2, 13, 13, 1, 3, 1, 51, 1, 3, 1, 6, 4, 16, 2, 26, 1, 3, 1, 18, 3, 24, 1, 9, 1, 1, 2, 7, 3, 1, 4, 6, 1, 1, 1, 8, 6, 10, 2, 3, 12, 58, 4, 29, 37, 2, 1, 1, 1, 5, 1, 24, 1, 1, 1, 23, 2, 5, 1, 1, 1, 6, 2, 10, 2, 4, 32, 72, 1, 36, 4, 39, 1, 36, 1, 15, 1, 13, 37, 198, 1, 1, 5, 1, 2, 377, 1, 4, 2, 7, 1, 1, 1, 4, 2, 41, 1, 4, 2, 33, 1, 4, 2, 7, 1, 1, 1, 4, 2, 15, 1, 57, 1, 4, 2, 67, 2, 32, 3, 26, 6, 86, 2, 6, 2, 669, 3, 89, 7, 13, 1, 7, 11, 23, 9, 20, 12, 13, 1, 3, 1, 2, 12, 94, 2, 10, 6, 10, 6, 15, 1, 10, 6, 89, 7, 43, 5, 70, 10, 31, 1, 12, 4, 12, 4, 1, 3, 42, 2, 5, 11, 44, 4, 26, 6, 11, 3, 62, 2, 65, 1, 29, 2, 11, 6, 10, 6, 14, 2, 17, 63, 76, 4, 45, 3, 116, 8, 60, 3, 15, 3, 60, 7, 43, 2, 11, 8, 43, 5, 250, 1, 283, 2, 6, 2, 38, 2, 6, 2, 8, 1, 1, 1, 1, 1, 1, 1, 31, 2, 53, 1, 15, 1, 14, 2, 6, 1, 19, 2, 3, 1, 9, 1, 101, 1, 12, 2, 27, 1, 13, 3, 32, 16, 33, 15, 140, 4, 663, 25, 11, 21, 1812, 2, 32, 1, 152, 1, 47, 1, 148, 5, 45, 1, 1, 5, 1, 2, 56, 7, 2, 14, 24, 9, 7, 1, 7, 1, 7, 1, 7, 1, 7, 1, 7, 1, 7, 1, 7, 1, 115, 45, 26, 1, 89, 12, 214, 26, 12, 4, 64, 1, 86, 2, 103, 5, 43, 1, 94, 1, 84, 12, 47, 1, 28125, 3, 1165, 3, 55, 9, 348, 20, 184, 8, 192, 2, 9, 42, 56, 3, 10, 6, 56, 8, 70, 8, 12, 6, 116, 11, 30, 3, 78, 1, 11, 4, 33, 1, 55, 9, 14, 2, 10, 2, 103, 24, 28, 10, 6, 2, 6, 2, 6, 9, 7, 1, 7, 1, 60, 4, 126, 2, 10, 6, 11172, 12, 23, 4, 49, 4, 8814, 2, 106, 38, 7, 12, 5, 5, 26, 1, 5, 1, 1, 1, 2, 1, 2, 1, 124, 17, 365, 16, 64, 2, 54, 40, 14, 2, 26, 6, 51, 1, 19, 1, 4, 4, 5, 1, 135, 2, 1, 1, 190, 3, 6, 2, 6, 2, 6, 2, 3, 3, 7, 1, 7, 10, 5, 2, 12, 1, 26, 1, 19, 1, 2, 1, 15, 2, 14, 34, 123, 5, 3, 4, 45, 3, 88, 1, 13, 3, 1, 47, 46, 130, 29, 3, 49, 15, 28, 4, 36, 9, 30, 5, 43, 5, 30, 1, 37, 4, 14, 42, 158, 2, 10, 6, 36, 4, 36, 4, 40, 8, 52, 11, 1, 144, 311, 9, 22, 10, 8, 152, 6, 2, 1, 1, 44, 1, 2, 3, 1, 2, 23, 1, 72, 8, 9, 48, 19, 1, 2, 5, 33, 3, 27, 5, 1, 64, 56, 4, 20, 2, 50, 1, 2, 5, 8, 1, 3, 1, 29, 2, 3, 4, 10, 7, 9, 7, 64, 32, 39, 4, 12, 9, 54, 3, 29, 2, 27, 5, 26, 7, 4, 12, 7, 80, 73, 55, 51, 13, 51, 7, 46, 8, 10, 294, 31, 1, 42, 1, 3, 2, 2, 78, 40, 8, 42, 86, 28, 20, 23, 9, 78, 4, 30, 15, 67, 11, 1, 2, 25, 7, 10, 6, 53, 1, 18, 8, 39, 9, 96, 1, 20, 11, 18, 1, 44, 65, 7, 1, 1, 1, 4, 1, 15, 1, 11, 6, 59, 5, 10, 6, 4, 1, 8, 2, 2, 2, 22, 1, 7, 1, 2, 1, 5, 1, 10, 2, 2, 2, 3, 2, 1, 6, 1, 5, 7, 2, 7, 3, 5, 139, 92, 1, 5, 30, 72, 8, 10, 166, 54, 2, 38, 34, 69, 11, 10, 6, 13, 19, 57, 7, 10, 54, 27, 2, 15, 4, 16, 192, 60, 100, 83, 12, 8, 2, 1, 2, 8, 1, 2, 1, 30, 1, 2, 2, 12, 9, 10, 70, 8, 2, 46, 2, 11, 27, 72, 8, 83, 29, 57, 263, 9, 1, 45, 1, 14, 10, 29, 3, 32, 2, 22, 1, 14, 73, 7, 1, 2, 1, 44, 3, 1, 1, 2, 1, 9, 8, 10, 6, 6, 1, 2, 1, 37, 1, 2, 1, 6, 7, 10, 310, 25, 183, 1, 15, 50, 13, 923, 102, 111, 1, 5, 11, 196, 2748, 1071, 1, 9, 4039, 583, 8633, 569, 7, 31, 1, 10, 4, 2, 96, 30, 2, 6, 10, 70, 10, 10, 1, 7, 1, 21, 5, 19, 688, 91, 101, 75, 4, 57, 7, 17, 64, 5, 11, 2, 14, 6136, 8, 1238, 42, 9, 8951, 287, 49, 3, 17, 4, 8, 396, 2308, 107, 5, 13, 3, 9, 7, 10, 2, 8, 4956, 246, 10, 39, 2, 192, 23, 70, 154, 20, 12, 87, 9, 25, 135, 85, 1, 71, 1, 2, 2, 1, 2, 2, 2, 4, 1, 12, 1, 1, 1, 7, 1, 65, 1, 4, 2, 8, 1, 7, 1, 28, 1, 4, 1, 5, 1, 1, 3, 7, 1, 340, 2, 292, 2, 702, 15, 5, 1, 15, 1360, 7, 1, 17, 2, 7, 1, 2, 1, 5, 213, 45, 3, 14, 2, 10, 4, 2, 368, 58, 5, 1, 1280, 197, 2, 16, 41, 76, 4, 10, 4, 2, 785, 68, 76, 61, 194, 4, 1, 27, 1, 2, 1, 1, 2, 1, 1, 10, 1, 4, 1, 1, 1, 1, 6, 1, 4, 1, 1, 1, 1, 1, 1, 3, 1, 2, 1, 1, 2, 1, 1, 1, 1, 1, 1, 1, 1, 1, 1, 2, 1, 1, 2, 4, 1, 7, 1, 4, 1, 4, 1, 1, 1, 10, 1, 17, 5, 3, 1, 5, 1, 17, 52, 2, 270, 44, 4, 100, 12, 15, 2, 15, 1, 15, 1, 37, 10, 174, 56, 29, 13, 44, 4, 9, 7, 2, 14, 6, 154, 984, 8, 13, 3, 13, 3, 116, 12, 89, 7, 12, 20, 12, 4, 56, 8, 10, 6, 40, 8, 30, 2, 2, 78, 121, 1, 82, 1, 135, 12, 14, 2, 5, 3, 3, 5, 7, 9, 25, 7, 7, 9, 3, 13, 7, 41, 147, 1, 55, 37, 10, 1030, 42718, 34, 4149, 11, 222, 2, 5762, 14, 7473, 3103, 542, 1506, 4939, 715958, 1, 30, 96, 128, 240, 65040, 65534, 2, 65534, 2];

/// (first code point, property bits) of each run of equal properties.
pub const PROPS: &[(u32, u16)] = &[
    (0x0, 0x0), (0x9, 0x8), (0xA, 0x28), (0xE, 0x0), (0x1C, 0x28), (0x1F, 0x8), (0x20, 0x108), (0x21, 0x100),
    (0x27, 0x180), (0x28, 0x100), (0x2E, 0x180), (0x2F, 0x100), (0x30, 0xB07), (0x3A, 0x180), (0x3B, 0x100), (0x41, 0x5D51),
    (0x5B, 0x100), (0x5E, 0x180), (0x5F, 0xD00), (0x60, 0x180), (0x61, 0x2D51), (0x7B, 0x100), (0x7F, 0x0), (0x85, 0x28),
    (0x86, 0x0), (0xA0, 0x8), (0xA1, 0x100), (0xA8, 0x180), (0xA9, 0x100), (0xAA, 0x2D51), (0xAB, 0x100), (0xAD, 0x80),
    (0xAE, 0x100), (0xAF, 0x180), (0xB0, 0x100), (0xB2, 0x305), (0xB4, 0x180), (0xB5, 0x2D51), (0xB6, 0x100), (0xB7, 0x980),
    (0xB8, 0x180), (0xB9, 0x305), (0xBA, 0x2D51), (0xBB, 0x100), (0xBC, 0x301), (0xBF, 0x100), (0xC0, 0x5D51), (0xD7, 0x100),
    (0xD8, 0x5D51), (0xDF, 0x2D51), (0xF7, 0x100), (0xF8, 0x2D51), (0x100, 0x5D51), (0x101, 0x2D51), (0x102, 0x5D51), (0x103, 0x2D51),
    (0x104, 0x5D51), (0x105, 0x2D51), (0x106, 0x5D51), (0x107, 0x2D51), (0x108, 0x5D51), (0x109, 0x2D51), (0x10A, 0x5D51), (0x10B, 0x2D51),
    (0x10C, 0x5D51), (0x10D, 0x2D51), (0x10E, 0x5D51), (0x10F, 0x2D51), (0x110, 0x5D51), (0x111, 0x2D51), (0x112, 0x5D51), (0x113, 0x2D51),
    (0x114, 0x5D51), (0x115, 0x2D51), (0x116, 0x5D51), (0x117, 0x2D51), (0x118, 0x5D51), (0x119, 0x2D51), (0x11A, 0x5D51), (0x11B, 0x2D51),
    (0x11C, 0x5D51), (0x11D, 0x2D51), (0x11E, 0x5D51), (0x11F, 0x2D51), (0x120, 0x5D51), (0x121, 0x2D51), (0x122, 0x5D51), (0x123, 0x2D51),
    (0x124, 0x5D51), (0x125, 0x2D51), (0x126, 0x5D51), (0x127, 0x2D51), (0x128, 0x5D51), (0x129, 0x2D51), (0x12A, 0x5D51), (0x12B, 0x2D51),
    (0x12C, 0x5D51), (0x12D, 0x2D51), (0x12E, 0x5D51), (0x12F, 0x2D51), (0x130, 0x5D51), (0x131, 0x2D51), (0x132, 0x5D51), (0x133, 0x2D51),
    (0x134, 0x5D51), (0x135, 0x2D51), (0x136, 0x5D51), (0x137, 0x2D51), (0x139, 0x5D51), (0x13A, 0x2D51), (0x13B, 0x5D51), (0x13C, 0x2D51),
    (0x13D, 0x5D51), (0x13E, 0x2D51), (0x13F, 0x5D51), (0x140, 0x2D51), (0x141, 0x5D51), (0x142, 0x2D51), (0x143, 0x5D51), (0x144, 0x2D51),
    (0x145, 0x5D51), (0x146, 0x2D51), (0x147, 0x5D51), (0x148, 0x2D51), (0x14A, 0x5D51), (0x14B, 0x2D51), (0x14C, 0x5D51), (0x14D, 0x2D51),
    (0x14E, 0x5D51), (0x14F, 0x2D51), (0x150, 0x5D51), (0x151, 0x2D51), (0x152, 0x5D51), (0x153, 0x2D51), (0x154, 0x5D51), (0x155, 0x2D51),
    (0x156, 0x5D51), (0x157, 0x2D51), (0x158, 0x5D51), (0x159, 0x2D51), (0x15A, 0x5D51), (0x15B, 0x2D51), (0x15C, 0x5D51), (0x15D, 0x2D51),
    (0x15E, 0x5D51), (0x15F, 0x2D51), (0x160, 0x5D51), (0x161, 0x2D51), (0x162, 0x5D51), (0x163, 0x2D51), (0x164, 0x5D51), (0x165, 0x2D51),
    (0x166, 0x5D51), (0x167, 0x2D51), (0x168, 0x5D51), (0x169, 0x2D51), (0x16A, 0x5D51), (0x16B, 0x2D51), (0x16C, 0x5D51), (0x16D, 0x2D51),
    (0x16E, 0x5D51), (0x16F, 0x2D51), (0x170, 0x5D51), (0x171, 0x2D51), (0x172, 0x5D51), (0x173, 0x2D51), (0x174, 0x5D51), (0x175, 0x2D51),
    (0x176, 0x5D51), (0x177, 0x2D51), (0x178, 0x5D51), (0x17A, 0x2D51), (0x17B, 0x5D51), (0x17C, 0x2D51), (0x17D, 0x5D51), (0x17E, 0x2D51),
    (0x181, 0x5D51), (0x183, 0x2D51), (0x184, 0x5D51), (0x185, 0x2D51), (0x186, 0x5D51), (0x188, 0x2D51), (0x189, 0x5D51), (0x18C, 0x2D51),
    (0x18E, 0x5D51), (0x192, 0x2D51), (0x193, 0x5D51), (0x195, 0x2D51), (0x196, 0x5D51), (0x199, 0x2D51), (0x19C, 0x5D51), (0x19E, 0x2D51),
    (0x19F, 0x5D51), (0x1A1, 0x2D51), (0x1A2, 0x5D51), (0x1A3, 0x2D51), (0x1A4, 0x5D51), (0x1A5, 0x2D51), (0x1A6, 0x5D51), (0x1A8, 0x2D51),
    (0x1A9, 0x5D51), (0x1AA, 0x2D51), (0x1AC, 0x5D51), (0x1AD, 0x2D51), (0x1AE, 0x5D51), (0x1B0, 0x2D51), (0x1B1, 0x5D51), (0x1B4, 0x2D51),
    (0x1B5, 0x5D51), (0x1B6, 0x2D51), (0x1B7, 0x5D51), (0x1B9, 0x2D51), (0x1BB, 0xD11), (0x1BC, 0x5D51), (0x1BD, 0x2D51), (0x1C0, 0xD11),
    (0x1C4, 0x5D51), (0x1C5, 0x4D51), (0x1C6, 0x2D51), (0x1C7, 0x5D51), (0x1C8, 0x4D51), (0x1C9, 0x2D51), (0x1CA, 0x5D51), (0x1CB, 0x4D51),
    (0x1CC, 0x2D51), (0x1CD, 0x5D51), (0x1CE, 0x2D51), (0x1CF, 0x5D51), (0x1D0, 0x2D51), (0x1D1, 0x5D51), (0x1D2, 0x2D51), (0x1D3, 0x5D51),
    (0x1D4, 0x2D51), (0x1D5, 0x5D51), (0x1D6, 0x2D51), (0x1D7, 0x5D51), (0x1D8, 0x2D51), (0x1D9, 0x5D51), (0x1DA, 0x2D51), (0x1DB, 0x5D51),
    (0x1DC, 0x2D51), (0x1DE, 0x5D51), (0x1DF, 0x2D51), (0x1E0, 0x5D51), (0x1E1, 0x2D51), (0x1E2, 0x5D51), (0x1E3, 0x2D51), (0x1E4, 0x5D51),
    (0x1E5, 0x2D51), (0x1E6, 0x5D51), (0x1E7, 0x2D51), (0x1E8, 0x5D51), (0x1E9, 0x2D51), (0x1EA, 0x5D51), (0x1EB, 0x2D51), (0x1EC, 0x5D51),
    (0x1ED, 0x2D51), (0x1EE, 0x5D51), (0x1EF, 0x2D51), (0x1F1, 0x5D51), (0x1F2, 0x4D51), (0x1F3, 0x2D51), (0x1F4, 0x5D51), (0x1F5, 0x2D51),
    (0x1F6, 0x5D51), (0x1F9, 0x2D51), (0x1FA, 0x5D51), (0x1FB, 0x2D51), (0x1FC, 0x5D51), (0x1FD, 0x2D51), (0x1FE, 0x5D51), (0x1FF, 0x2D51),
    (0x200, 0x5D51), (0x201, 0x2D51), (0x202, 0x5D51), (0x203, 0x2D51), (0x204, 0x5D51), (0x205, 0x2D51), (0x206, 0x5D51), (0x207, 0x2D51),
    (0x208, 0x5D51), (0x209, 0x2D51), (0x20A, 0x5D51), (0x20B, 0x2D51), (0x20C, 0x5D51), (0x20D, 0x2D51), (0x20E, 0x5D51), (0x20F, 0x2D51),
    (0x210, 0x5D51), (0x211, 0x2D51), (0x212, 0x5D51), (0x213, 0x2D51), (0x214, 0x5D51), (0x215, 0x2D51), (0x216, 0x5D51), (0x217, 0x2D51),
    (0x218, 0x5D51), (0x219, 0x2D51), (0x21A, 0x5D51), (0x21B, 0x2D51), (0x21C, 0x5D51), (0x21D, 0x2D51), (0x21E, 0x5D51), (0x21F, 0x2D51),
    (0x220, 0x5D51), (0x221, 0x2D51), (0x222, 0x5D51), (0x223, 0x2D51), (0x224, 0x5D51), (0x225, 0x2D51), (0x226, 0x5D51), (0x227, 0x2D51),
    (0x228, 0x5D51), (0x229, 0x2D51), (0x22A, 0x5D51), (0x22B, 0x2D51), (0x22C, 0x5D51), (0x22D, 0x2D51), (0x22E, 0x5D51), (0x22F, 0x2D51),
    (0x230, 0x5D51), (0x231, 0x2D51), (0x232, 0x5D51), (0x233, 0x2D51), (0x23A, 0x5D51), (0x23C, 0x2D51), (0x23D, 0x5D51), (0x23F, 0x2D51),
    (0x241, 0x5D51), (0x242, 0x2D51), (0x243, 0x5D51), (0x247, 0x2D51), (0x248, 0x5D51), (0x249, 0x2D51), (0x24A, 0x5D51), (0x24B, 0x2D51),
    (0x24C, 0x5D51), (0x24D, 0x2D51), (0x24E, 0x5D51), (0x24F, 0x2D51), (0x294, 0xD11), (0x295, 0x2D51), (0x2B0, 0x2D91), (0x2B9, 0xD91),
    (0x2C0, 0x2D91), (0x2C2, 0x180), (0x2C6, 0xD91), (0x2D2, 0x180), (0x2E0, 0x2D91), (0x2E5, 0x180), (0x2EC, 0xD91), (0x2ED, 0x180),
    (0x2EE, 0xD91), (0x2EF, 0x180), (0x300, 0x980), (0x345, 0x2980), (0x346, 0x980), (0x370, 0x5D51), (0x371, 0x2D51), (0x372, 0x5D51),
    (0x373, 0x2D51), (0x374, 0xD91), (0x375, 0x180), (0x376, 0x5D51), (0x377, 0x2D51), (0x378, 0x0), (0x37A, 0x2191), (0x37B, 0x2D51),
    (0x37E, 0x100), (0x37F, 0x5D51), (0x380, 0x0), (0x384, 0x180), (0x386, 0x5D51), (0x387, 0x980), (0x388, 0x5D51), (0x38B, 0x0),
    (0x38C, 0x5D51), (0x38D, 0x0), (0x38E, 0x5D51), (0x390, 0x2D51), (0x391, 0x5D51), (0x3A2, 0x0), (0x3A3, 0x5D51), (0x3AC, 0x2D51),
    (0x3CF, 0x5D51), (0x3D0, 0x2D51), (0x3D2, 0x5D51), (0x3D5, 0x2D51), (0x3D8, 0x5D51), (0x3D9, 0x2D51), (0x3DA, 0x5D51), (0x3DB, 0x2D51),
    (0x3DC, 0x5D51), (0x3DD, 0x2D51), (0x3DE, 0x5D51), (0x3DF, 0x2D51), (0x3E0, 0x5D51), (0x3E1, 0x2D51), (0x3E2, 0x5D51), (0x3E3, 0x2D51),
    (0x3E4, 0x5D51), (0x3E5, 0x2D51), (0x3E6, 0x5D51), (0x3E7, 0x2D51), (0x3E8, 0x5D51), (0x3E9, 0x2D51), (0x3EA, 0x5D51), (0x3EB, 0x2D51),
    (0x3EC, 0x5D51), (0x3ED, 0x2D51), (0x3EE, 0x5D51), (0x3EF, 0x2D51), (0x3F4, 0x5D51), (0x3F5, 0x2D51), (0x3F6, 0x100), (0x3F7, 0x5D51),
    (0x3F8, 0x2D51), (0x3F9, 0x5D51), (0x3FB, 0x2D51), (0x3FD, 0x5D51), (0x430, 0x2D51), (0x460, 0x5D51), (0x461, 0x2D51), (0x462, 0x5D51),
    (0x463, 0x2D51), (0x464, 0x5D51), (0x465, 0x2D51), (0x466, 0x5D51), (0x467, 0x2D51), (0x468, 0x5D51), (0x469, 0x2D51), (0x46A, 0x5D51),
    (0x46B, 0x2D51), (0x46C, 0x5D51), (0x46D, 0x2D51), (0x46E, 0x5D51), (0x46F, 0x2D51), (0x470, 0x5D51), (0x471, 0x2D51), (0x472, 0x5D51),
    (0x473, 0x2D51), (0x474, 0x5D51), (0x475, 0x2D51), (0x476, 0x5D51), (0x477, 0x2D51), (0x478, 0x5D51), (0x479, 0x2D51), (0x47A, 0x5D51),
    (0x47B, 0x2D51), (0x47C, 0x5D51), (0x47D, 0x2D51), (0x47E, 0x5D51), (0x47F, 0x2D51), (0x480, 0x5D51), (0x481, 0x2D51), (0x482, 0x100),
    (0x483, 0x980), (0x488, 0x180), (0x48A, 0x5D51), (0x48B, 0x2D51), (0x48C, 0x5D51), (0x48D, 0x2D51), (0x48E, 0x5D51), (0x48F, 0x2D51),
    (0x490, 0x5D51), (0x491, 0x2D51), (0x492, 0x5D51), (0x493, 0x2D51), (0x494, 0x5D51), (0x495, 0x2D51), (0x496, 0x5D51), (0x497, 0x2D51),
    (0x498, 0x5D51), (0x499, 0x2D51), (0x49A, 0x5D51), (0x49B, 0x2D51), (0x49C, 0x5D51), (0x49D, 0x2D51), (0x49E, 0x5D51), (0x49F, 0x2D51),
    (0x4A0, 0x5D51), (0x4A1, 0x2D51), (0x4A2, 0x5D51), (0x4A3, 0x2D51), (0x4A4, 0x5D51), (0x4A5, 0x2D51), (0x4A6, 0x5D51), (0x4A7, 0x2D51),
    (0x4A8, 0x5D51), (0x4A9, 0x2D51), (0x4AA, 0x5D51), (0x4AB, 0x2D51), (0x4AC, 0x5D51), (0x4AD, 0x2D51), (0x4AE, 0x5D51), (0x4AF, 0x2D51),
    (0x4B0, 0x5D51), (0x4B1, 0x2D51), (0x4B2, 0x5D51), (0x4B3, 0x2D51), (0x4B4, 0x5D51), (0x4B5, 0x2D51), (0x4B6, 0x5D51), (0x4B7, 0x2D51),
    (0x4B8, 0x5D51), (0x4B9, 0x2D51), (0x4BA, 0x5D51), (0x4BB, 0x2D51), (0x4BC, 0x5D51), (0x4BD, 0x2D51), (0x4BE, 0x5D51), (0x4BF, 0x2D51),
    (0x4C0, 0x5D51), (0x4C2, 0x2D51), (0x4C3, 0x5D51), (0x4C4, 0x2D51), (0x4C5, 0x5D51), (0x4C6, 0x2D51), (0x4C7, 0x5D51), (0x4C8, 0x2D51),
    (0x4C9, 0x5D51), (0x4CA, 0x2D51), (0x4CB, 0x5D51), (0x4CC, 0x2D51), (0x4CD, 0x5D51), (0x4CE, 0x2D51), (0x4D0, 0x5D51), (0x4D1, 0x2D51),
    (0x4D2, 0x5D51), (0x4D3, 0x2D51), (0x4D4, 0x5D51), (0x4D5, 0x2D51), (0x4D6, 0x5D51), (0x4D7, 0x2D51), (0x4D8, 0x5D51), (0x4D9, 0x2D51),
    (0x4DA, 0x5D51), (0x4DB, 0x2D51), (0x4DC, 0x5D51), (0x4DD, 0x2D51), (0x4DE, 0x5D51), (0x4DF, 0x2D51), (0x4E0, 0x5D51), (0x4E1, 0x2D51),
    (0x4E2, 0x5D51), (0x4E3, 0x2D51), (0x4E4, 0x5D51), (0x4E5, 0x2D51), (0x4E6, 0x5D51), (0x4E7, 0x2D51), (0x4E8, 0x5D51), (0x4E9, 0x2D51),
    (0x4EA, 0x5D51), (0x4EB, 0x2D51), (0x4EC, 0x5D51), (0x4ED, 0x2D51), (0x4EE, 0x5D51), (0x4EF, 0x2D51), (0x4F0, 0x5D51), (0x4F1, 0x2D51),
    (0x4F2, 0x5D51), (0x4F3, 0x2D51), (0x4F4, 0x5D51), (0x4F5, 0x2D51), (0x4F6, 0x5D51), (0x4F7, 0x2D51), (0x4F8, 0x5D51), (0x4F9, 0x2D51),
    (0x4FA, 0x5D51), (0x4FB, 0x2D51), (0x4FC, 0x5D51), (0x4FD, 0x2D51), (0x4FE, 0x5D51), (0x4FF, 0x2D51), (0x500, 0x5D51), (0x501, 0x2D51),
    (0x502, 0x5D51), (0x503, 0x2D51), (0x504, 0x5D51), (0x505, 0x2D51), (0x506, 0x5D51), (0x507, 0x2D51), (0x508, 0x5D51), (0x509, 0x2D51),
    (0x50A, 0x5D51), (0x50B, 0x2D51), (0x50C, 0x5D51), (0x50D, 0x2D51), (0x50E, 0x5D51), (0x50F, 0x2D51), (0x510, 0x5D51), (0x511, 0x2D51),
    (0x512, 0x5D51), (0x513, 0x2D51), (0x514, 0x5D51), (0x515, 0x2D51), (0x516, 0x5D51), (0x517, 0x2D51), (0x518, 0x5D51), (0x519, 0x2D51),
    (0x51A, 0x5D51), (0x51B, 0x2D51), (0x51C, 0x5D51), (0x51D, 0x2D51), (0x51E, 0x5D51), (0x51F, 0x2D51), (0x520, 0x5D51), (0x521, 0x2D51),
    (0x522, 0x5D51), (0x523, 0x2D51), (0x524, 0x5D51), (0x525, 0x2D51), (0x526, 0x5D51), (0x527, 0x2D51), (0x528, 0x5D51), (0x529, 0x2D51),
    (0x52A, 0x5D51), (0x52B, 0x2D51), (0x52C, 0x5D51), (0x52D, 0x2D51), (0x52E, 0x5D51), (0x52F, 0x2D51), (0x530, 0x0), (0x531, 0x5D51),
    (0x557, 0x0), (0x559, 0xD91), (0x55A, 0x100), (0x55F, 0x180), (0x560, 0x2D51), (0x589, 0x100), (0x58B, 0x0), (0x58D, 0x100),
    (0x590, 0x0), (0x591, 0x980), (0x5BE, 0x100), (0x5BF, 0x980), (0x5C0, 0x100), (0x5C1, 0x980), (0x5C3, 0x100), (0x5C4, 0x980),
    (0x5C6, 0x100), (0x5C7, 0x980), (0x5C8, 0x0), (0x5D0, 0xD11), (0x5EB, 0x0), (0x5EF, 0xD11), (0x5F3, 0x100), (0x5F4, 0x180),
    (0x5F5, 0x0), (0x600, 0x80), (0x606, 0x100), (0x610, 0x980), (0x61B, 0x100), (0x61C, 0x80), (0x61D, 0x0), (0x61E, 0x100),
    (0x620, 0xD11), (0x640, 0xD91), (0x641, 0xD11), (0x64B, 0x980), (0x660, 0xB07), (0x66A, 0x100), (0x66E, 0xD11), (0x670, 0x980),
    (0x671, 0xD11), (0x6D4, 0x100), (0x6D5, 0xD11), (0x6D6, 0x980), (0x6DD, 0x80), (0x6DE, 0x100), (0x6DF, 0x980), (0x6E5, 0xD91),
    (0x6E7, 0x980), (0x6E9, 0x100), (0x6EA, 0x980), (0x6EE, 0xD11), (0x6F0, 0xB07), (0x6FA, 0xD11), (0x6FD, 0x100), (0x6FF, 0xD11),
    (0x700, 0x100), (0x70E, 0x0), (0x70F, 0x80), (0x710, 0xD11), (0x711, 0x980), (0x712, 0xD11), (0x730, 0x980), (0x74B, 0x0),
    (0x74D, 0xD11), (0x7A6, 0x980), (0x7B1, 0xD11), (0x7B2, 0x0), (0x7C0, 0xB07), (0x7CA, 0xD11), (0x7EB, 0x980), (0x7F4, 0xD91),
    (0x7F6, 0x100), (0x7FA, 0xD91), (0x7FB, 0x0), (0x7FD, 0x980), (0x7FE, 0x100), (0x800, 0xD11), (0x816, 0x980), (0x81A, 0xD91),
    (0x81B, 0x980), (0x824, 0xD91), (0x825, 0x980), (0x828, 0xD91), (0x829, 0x980), (0x82E, 0x0), (0x830, 0x100), (0x83F, 0x0),
    (0x840, 0xD11), (0x859, 0x980), (0x85C, 0x0), (0x85E, 0x100), (0x85F, 0x0), (0x860, 0xD11), (0x86B, 0x0), (0x8A0, 0xD11),
    (0x8B5, 0x0), (0x8B6, 0xD11), (0x8C8, 0x0), (0x8D3, 0x980), (0x8E2, 0x80), (0x8E3, 0x980), (0x903, 0x900), (0x904, 0xD11),
    (0x93A, 0x980), (0x93B, 0x900), (0x93C, 0x980), (0x93D, 0xD11), (0x93E, 0x900), (0x941, 0x980), (0x949, 0x900), (0x94D, 0x980),
    (0x94E, 0x900), (0x950, 0xD11), (0x951, 0x980), (0x958, 0xD11), (0x962, 0x980), (0x964, 0x100), (0x966, 0xB07), (0x970, 0x100),
    (0x971, 0xD91), (0x972, 0xD11), (0x981, 0x980), (0x982, 0x900), (0x984, 0x0), (0x985, 0xD11), (0x98D, 0x0), (0x98F, 0xD11),
    (0x991, 0x0), (0x993, 0xD11), (0x9A9, 0x0), (0x9AA, 0xD11), (0x9B1, 0x0), (0x9B2, 0xD11), (0x9B3, 0x0), (0x9B6, 0xD11),
    (0x9BA, 0x0), (0x9BC, 0x980), (0x9BD, 0xD11), (0x9BE, 0x900), (0x9C1, 0x980), (0x9C5, 0x0), (0x9C7, 0x900), (0x9C9, 0x0),
    (0x9CB, 0x900), (0x9CD, 0x980), (0x9CE, 0xD11), (0x9CF, 0x0), (0x9D7, 0x900), (0x9D8, 0x0), (0x9DC, 0xD11), (0x9DE, 0x0),
    (0x9DF, 0xD11), (0x9E2, 0x980), (0x9E4, 0x0), (0x9E6, 0xB07), (0x9F0, 0xD11), (0x9F2, 0x100), (0x9F4, 0x301), (0x9FA, 0x100),
    (0x9FC, 0xD11), (0x9FD, 0x100), (0x9FE, 0x980), (0x9FF, 0x0), (0xA01, 0x980), (0xA03, 0x900), (0xA04, 0x0), (0xA05, 0xD11),
    (0xA0B, 0x0), (0xA0F, 0xD11), (0xA11, 0x0), (0xA13, 0xD11), (0xA29, 0x0), (0xA2A, 0xD11), (0xA31, 0x0), (0xA32, 0xD11),
    (0xA34, 0x0), (0xA35, 0xD11), (0xA37, 0x0), (0xA38, 0xD11), (0xA3A, 0x0), (0xA3C, 0x980), (0xA3D, 0x0), (0xA3E, 0x900),
    (0xA41, 0x980), (0xA43, 0x0), (0xA47, 0x980), (0xA49, 0x0), (0xA4B, 0x980), (0xA4E, 0x0), (0xA51, 0x980), (0xA52, 0x0),
    (0xA59, 0xD11), (0xA5D, 0x0), (0xA5E, 0xD11), (0xA5F, 0x0), (0xA66, 0xB07), (0xA70, 0x980), (0xA72, 0xD11), (0xA75, 0x980),
    (0xA76, 0x100), (0xA77, 0x0), (0xA81, 0x980), (0xA83, 0x900), (0xA84, 0x0), (0xA85, 0xD11), (0xA8E, 0x0), (0xA8F, 0xD11),
    (0xA92, 0x0), (0xA93, 0xD11), (0xAA9, 0x0), (0xAAA, 0xD11), (0xAB1, 0x0), (0xAB2, 0xD11), (0xAB4, 0x0), (0xAB5, 0xD11),
    (0xABA, 0x0), (0xABC, 0x980), (0xABD, 0xD11), (0xABE, 0x900), (0xAC1, 0x980), (0xAC6, 0x0), (0xAC7, 0x980), (0xAC9, 0x900),
    (0xACA, 0x0), (0xACB, 0x900), (0xACD, 0x980), (0xACE, 0x0), (0xAD0, 0xD11), (0xAD1, 0x0), (0xAE0, 0xD11), (0xAE2, 0x980),
    (0xAE4, 0x0), (0xAE6, 0xB07), (0xAF0, 0x100), (0xAF2, 0x0), (0xAF9, 0xD11), (0xAFA, 0x980), (0xB00, 0x0), (0xB01, 0x980),
    (0xB02, 0x900), (0xB04, 0x0), (0xB05, 0xD11), (0xB0D, 0x0), (0xB0F, 0xD11), (0xB11, 0x0), (0xB13, 0xD11), (0xB29, 0x0),
    (0xB2A, 0xD11), (0xB31, 0x0), (0xB32, 0xD11), (0xB34, 0x0), (0xB35, 0xD11), (0xB3A, 0x0), (0xB3C, 0x980), (0xB3D, 0xD11),
    (0xB3E, 0x900), (0xB3F, 0x980), (0xB40, 0x900), (0xB41, 0x980), (0xB45, 0x0), (0xB47, 0x900), (0xB49, 0x0), (0xB4B, 0x900),
    (0xB4D, 0x980), (0xB4E, 0x0), (0xB55, 0x980), (0xB57, 0x900), (0xB58, 0x0), (0xB5C, 0xD11), (0xB5E, 0x0), (0xB5F, 0xD11),
    (0xB62, 0x980), (0xB64, 0x0), (0xB66, 0xB07), (0xB70, 0x100), (0xB71, 0xD11), (0xB72, 0x301), (0xB78, 0x0), (0xB82, 0x980),
    (0xB83, 0xD11), (0xB84, 0x0), (0xB85, 0xD11), (0xB8B, 0x0), (0xB8E, 0xD11), (0xB91, 0x0), (0xB92, 0xD11), (0xB96, 0x0),
    (0xB99, 0xD11), (0xB9B, 0x0), (0xB9C, 0xD11), (0xB9D, 0x0), (0xB9E, 0xD11), (0xBA0, 0x0), (0xBA3, 0xD11), (0xBA5, 0x0),
    (0xBA8, 0xD11), (0xBAB, 0x0), (0xBAE, 0xD11), (0xBBA, 0x0), (0xBBE, 0x900), (0xBC0, 0x980), (0xBC1, 0x900), (0xBC3, 0x0),
    (0xBC6, 0x900), (0xBC9, 0x0), (0xBCA, 0x900), (0xBCD, 0x980), (0xBCE, 0x0), (0xBD0, 0xD11), (0xBD1, 0x0), (0xBD7, 0x900),
    (0xBD8, 0x0), (0xBE6, 0xB07), (0xBF0, 0x301), (0xBF3, 0x100), (0xBFB, 0x0), (0xC00, 0x980), (0xC01, 0x900), (0xC04, 0x980),
    (0xC05, 0xD11), (0xC0D, 0x0), (0xC0E, 0xD11), (0xC11, 0x0), (0xC12, 0xD11), (0xC29, 0x0), (0xC2A, 0xD11), (0xC3A, 0x0),
    (0xC3D, 0xD11), (0xC3E, 0x980), (0xC41, 0x900), (0xC45, 0x0), (0xC46, 0x980), (0xC49, 0x0), (0xC4A, 0x980), (0xC4E, 0x0),
    (0xC55, 0x980), (0xC57, 0x0), (0xC58, 0xD11), (0xC5B, 0x0), (0xC60, 0xD11), (0xC62, 0x980), (0xC64, 0x0), (0xC66, 0xB07),
    (0xC70, 0x0), (0xC77, 0x100), (0xC78, 0x301), (0xC7F, 0x100), (0xC80, 0xD11), (0xC81, 0x980), (0xC82, 0x900), (0xC84, 0x100),
    (0xC85, 0xD11), (0xC8D, 0x0), (0xC8E, 0xD11), (0xC91, 0x0), (0xC92, 0xD11), (0xCA9, 0x0), (0xCAA, 0xD11), (0xCB4, 0x0),
    (0xCB5, 0xD11), (0xCBA, 0x0), (0xCBC, 0x980), (0xCBD, 0xD11), (0xCBE, 0x900), (0xCBF, 0x980), (0xCC0, 0x900), (0xCC5, 0x0),
    (0xCC6, 0x980), (0xCC7, 0x900), (0xCC9, 0x0), (0xCCA, 0x900), (0xCCC, 0x980), (0xCCE, 0x0), (0xCD5, 0x900), (0xCD7, 0x0),
    (0xCDE, 0xD11), (0xCDF, 0x0), (0xCE0, 0xD11), (0xCE2, 0x980), (0xCE4, 0x0), (0xCE6, 0xB07), (0xCF0, 0x0), (0xCF1, 0xD11),
    (0xCF3, 0x0), (0xD00, 0x980), (0xD02, 0x900), (0xD04, 0xD11), (0xD0D, 0x0), (0xD0E, 0xD11), (0xD11, 0x0), (0xD12, 0xD11),
    (0xD3B, 0x980), (0xD3D, 0xD11), (0xD3E, 0x900), (0xD41, 0x980), (0xD45, 0x0), (0xD46, 0x900), (0xD49, 0x0), (0xD4A, 0x900),
    (0xD4D, 0x980), (0xD4E, 0xD11), (0xD4F, 0x100), (0xD50, 0x0), (0xD54, 0xD11), (0xD57, 0x900), (0xD58, 0x301), (0xD5F, 0xD11),
    (0xD62, 0x980), (0xD64, 0x0), (0xD66, 0xB07), (0xD70, 0x301), (0xD79, 0x100), (0xD7A, 0xD11), (0xD80, 0x0), (0xD81, 0x980),
    (0xD82, 0x900), (0xD84, 0x0), (0xD85, 0xD11), (0xD97, 0x0), (0xD9A, 0xD11), (0xDB2, 0x0), (0xDB3, 0xD11), (0xDBC, 0x0),
    (0xDBD, 0xD11), (0xDBE, 0x0), (0xDC0, 0xD11), (0xDC7, 0x0), (0xDCA, 0x980), (0xDCB, 0x0), (0xDCF, 0x900), (0xDD2, 0x980),
    (0xDD5, 0x0), (0xDD6, 0x980), (0xDD7, 0x0), (0xDD8, 0x900), (0xDE0, 0x0), (0xDE6, 0xB07), (0xDF0, 0x0), (0xDF2, 0x900),
    (0xDF4, 0x100), (0xDF5, 0x0), (0xE01, 0xD11), (0xE31, 0x980), (0xE32, 0xD11), (0xE33, 0x911), (0xE34, 0x980), (0xE3B, 0x0),
    (0xE3F, 0x100), (0xE40, 0xD11), (0xE46, 0xD91), (0xE47, 0x980), (0xE4F, 0x100), (0xE50, 0xB07), (0xE5A, 0x100), (0xE5C, 0x0),
    (0xE81, 0xD11), (0xE83, 0x0), (0xE84, 0xD11), (0xE85, 0x0), (0xE86, 0xD11), (0xE8B, 0x0), (0xE8C, 0xD11), (0xEA4, 0x0),
    (0xEA5, 0xD11), (0xEA6, 0x0), (0xEA7, 0xD11), (0xEB1, 0x980), (0xEB2, 0xD11), (0xEB3, 0x911), (0xEB4, 0x980), (0xEBD, 0xD11),
    (0xEBE, 0x0), (0xEC0, 0xD11), (0xEC5, 0x0), (0xEC6, 0xD91), (0xEC7, 0x0), (0xEC8, 0x980), (0xECE, 0x0), (0xED0, 0xB07),
    (0xEDA, 0x0), (0xEDC, 0xD11), (0xEE0, 0x0), (0xF00, 0xD11), (0xF01, 0x100), (0xF18, 0x980), (0xF1A, 0x100), (0xF20, 0xB07),
    (0xF2A, 0x301), (0xF34, 0x100), (0xF35, 0x980), (0xF36, 0x100), (0xF37, 0x980), (0xF38, 0x100), (0xF39, 0x980), (0xF3A, 0x100),
    (0xF3E, 0x900), (0xF40, 0xD11), (0xF48, 0x0), (0xF49, 0xD11), (0xF6D, 0x0), (0xF71, 0x980), (0xF7F, 0x900), (0xF80, 0x980),
    (0xF85, 0x100), (0xF86, 0x980), (0xF88, 0xD11), (0xF8D, 0x980), (0xF98, 0x0), (0xF99, 0x980), (0xFBD, 0x0), (0xFBE, 0x100),
    (0xFC6, 0x980), (0xFC7, 0x100), (0xFCD, 0x0), (0xFCE, 0x100), (0xFDB, 0x0), (0x1000, 0xD11), (0x102B, 0x900), (0x102D, 0x980),
    (0x1031, 0x900), (0x1032, 0x980), (0x1038, 0x900), (0x1039, 0x980), (0x103B, 0x900), (0x103D, 0x980), (0x103F, 0xD11), (0x1040, 0xB07),
    (0x104A, 0x100), (0x1050, 0xD11), (0x1056, 0x900), (0x1058, 0x980), (0x105A, 0xD11), (0x105E, 0x980), (0x1061, 0xD11), (0x1062, 0x900),
    (0x1065, 0xD11), (0x1067, 0x900), (0x106E, 0xD11), (0x1071, 0x980), (0x1075, 0xD11), (0x1082, 0x980), (0x1083, 0x900), (0x1085, 0x980),
    (0x1087, 0x900), (0x108D, 0x980), (0x108E, 0xD11), (0x108F, 0x900), (0x1090, 0xB07), (0x109A, 0x900), (0x109D, 0x980), (0x109E, 0x100),
    (0x10A0, 0x5D51), (0x10C6, 0x0), (0x10C7, 0x5D51), (0x10C8, 0x0), (0x10CD, 0x5D51), (0x10CE, 0x0), (0x10D0, 0x2D51), (0x10FB, 0x100),
    (0x10FC, 0xD91), (0x10FD, 0x2D51), (0x1100, 0xD11), (0x1249, 0x0), (0x124A, 0xD11), (0x124E, 0x0), (0x1250, 0xD11), (0x1257, 0x0),
    (0x1258, 0xD11), (0x1259, 0x0), (0x125A, 0xD11), (0x125E, 0x0), (0x1260, 0xD11), (0x1289, 0x0), (0x128A, 0xD11), (0x128E, 0x0),
    (0x1290, 0xD11), (0x12B1, 0x0), (0x12B2, 0xD11), (0x12B6, 0x0), (0x12B8, 0xD11), (0x12BF, 0x0), (0x12C0, 0xD11), (0x12C1, 0x0),
    (0x12C2, 0xD11), (0x12C6, 0x0), (0x12C8, 0xD11), (0x12D7, 0x0), (0x12D8, 0xD11), (0x1311, 0x0), (0x1312, 0xD11), (0x1316, 0x0),
    (0x1318, 0xD11), (0x135B, 0x0), (0x135D, 0x980), (0x1360, 0x100), (0x1369, 0xB05), (0x1372, 0x301), (0x137D, 0x0), (0x1380, 0xD11),
    (0x1390, 0x100), (0x139A, 0x0), (0x13A0, 0x5D51), (0x13F6, 0x0), (0x13F8, 0x2D51), (0x13FE, 0x0), (0x1400, 0x100), (0x1401, 0xD11),
    (0x166D, 0x100), (0x166F, 0xD11), (0x1680, 0x8), (0x1681, 0xD11), (0x169B, 0x100), (0x169D, 0x0), (0x16A0, 0xD11), (0x16EB, 0x100),
    (0x16EE, 0xF01), (0x16F1, 0xD11), (0x16F9, 0x0), (0x1700, 0xD11), (0x170D, 0x0), (0x170E, 0xD11), (0x1712, 0x980), (0x1715, 0x0),
    (0x1720, 0xD11), (0x1732, 0x980), (0x1735, 0x100), (0x1737, 0x0), (0x1740, 0xD11), (0x1752, 0x980), (0x1754, 0x0), (0x1760, 0xD11),
    (0x176D, 0x0), (0x176E, 0xD11), (0x1771, 0x0), (0x1772, 0x980), (0x1774, 0x0), (0x1780, 0xD11), (0x17B4, 0x980), (0x17B6, 0x900),
    (0x17B7, 0x980), (0x17BE, 0x900), (0x17C6, 0x980), (0x17C7, 0x900), (0x17C9, 0x980), (0x17D4, 0x100), (0x17D7, 0xD91), (0x17D8, 0x100),
    (0x17DC, 0xD11), (0x17DD, 0x980), (0x17DE, 0x0), (0x17E0, 0xB07), (0x17EA, 0x0), (0x17F0, 0x301), (0x17FA, 0x0), (0x1800, 0x100),
    (0x180B, 0x980), (0x180E, 0x80), (0x180F, 0x0), (0x1810, 0xB07), (0x181A, 0x0), (0x1820, 0xD11), (0x1843, 0xD91), (0x1844, 0xD11),
    (0x1879, 0x0), (0x1880, 0xD11), (0x1885, 0xD80), (0x1887, 0xD11), (0x18A9, 0x980), (0x18AA, 0xD11), (0x18AB, 0x0), (0x18B0, 0xD11),
    (0x18F6, 0x0), (0x1900, 0xD11), (0x191F, 0x0), (0x1920, 0x980), (0x1923, 0x900), (0x1927, 0x980), (0x1929, 0x900), (0x192C, 0x0),
    (0x1930, 0x900), (0x1932, 0x980), (0x1933, 0x900), (0x1939, 0x980), (0x193C, 0x0), (0x1940, 0x100), (0x1941, 0x0), (0x1944, 0x100),
    (0x1946, 0xB07), (0x1950, 0xD11), (0x196E, 0x0), (0x1970, 0xD11), (0x1975, 0x0), (0x1980, 0xD11), (0x19AC, 0x0), (0x19B0, 0xD11),
    (0x19CA, 0x0), (0x19D0, 0xB07), (0x19DA, 0xB05), (0x19DB, 0x0), (0x19DE, 0x100), (0x1A00, 0xD11), (0x1A17, 0x980), (0x1A19, 0x900),
    (0x1A1B, 0x980), (0x1A1C, 0x0), (0x1A1E, 0x100), (0x1A20, 0xD11), (0x1A55, 0x900), (0x1A56, 0x980), (0x1A57, 0x900), (0x1A58, 0x980),
    (0x1A5F, 0x0), (0x1A60, 0x980), (0x1A61, 0x900), (0x1A62, 0x980), (0x1A63, 0x900), (0x1A65, 0x980), (0x1A6D, 0x900), (0x1A73, 0x980),
    (0x1A7D, 0x0), (0x1A7F, 0x980), (0x1A80, 0xB07), (0x1A8A, 0x0), (0x1A90, 0xB07), (0x1A9A, 0x0), (0x1AA0, 0x100), (0x1AA7, 0xD91),
    (0x1AA8, 0x100), (0x1AAE, 0x0), (0x1AB0, 0x980), (0x1ABE, 0x180), (0x1ABF, 0x980), (0x1AC1, 0x0), (0x1B00, 0x980), (0x1B04, 0x900),
    (0x1B05, 0xD11), (0x1B34, 0x980), (0x1B35, 0x900), (0x1B36, 0x980), (0x1B3B, 0x900), (0x1B3C, 0x980), (0x1B3D, 0x900), (0x1B42, 0x980),
    (0x1B43, 0x900), (0x1B45, 0xD11), (0x1B4C, 0x0), (0x1B50, 0xB07), (0x1B5A, 0x100), (0x1B6B, 0x980), (0x1B74, 0x100), (0x1B7D, 0x0),
    (0x1B80, 0x980), (0x1B82, 0x900), (0x1B83, 0xD11), (0x1BA1, 0x900), (0x1BA2, 0x980), (0x1BA6, 0x900), (0x1BA8, 0x980), (0x1BAA, 0x900),
    (0x1BAB, 0x980), (0x1BAE, 0xD11), (0x1BB0, 0xB07), (0x1BBA, 0xD11), (0x1BE6, 0x980), (0x1BE7, 0x900), (0x1BE8, 0x980), (0x1BEA, 0x900),
    (0x1BED, 0x980), (0x1BEE, 0x900), (0x1BEF, 0x980), (0x1BF2, 0x900), (0x1BF4, 0x0), (0x1BFC, 0x100), (0x1C00, 0xD11), (0x1C24, 0x900),
    (0x1C2C, 0x980), (0x1C34, 0x900), (0x1C36, 0x980), (0x1C38, 0x0), (0x1C3B, 0x100), (0x1C40, 0xB07), (0x1C4A, 0x0), (0x1C4D, 0xD11),
    (0x1C50, 0xB07), (0x1C5A, 0xD11), (0x1C78, 0xD91), (0x1C7E, 0x100), (0x1C80, 0x2D51), (0x1C89, 0x0), (0x1C90, 0x5D51), (0x1CBB, 0x0),
    (0x1CBD, 0x5D51), (0x1CC0, 0x100), (0x1CC8, 0x0), (0x1CD0, 0x980), (0x1CD3, 0x100), (0x1CD4, 0x980), (0x1CE1, 0x900), (0x1CE2, 0x980),
    (0x1CE9, 0xD11), (0x1CED, 0x980), (0x1CEE, 0xD11), (0x1CF4, 0x980), (0x1CF5, 0xD11), (0x1CF7, 0x900), (0x1CF8, 0x980), (0x1CFA, 0xD11),
    (0x1CFB, 0x0), (0x1D00, 0x2D51), (0x1D2C, 0x2D91), (0x1D6B, 0x2D51), (0x1D78, 0x2D91), (0x1D79, 0x2D51), (0x1D9B, 0x2D91), (0x1DC0, 0x980),
    (0x1DFA, 0x0), (0x1DFB, 0x980), (0x1E00, 0x5D51), (0x1E01, 0x2D51), (0x1E02, 0x5D51), (0x1E03, 0x2D51), (0x1E04, 0x5D51), (0x1E05, 0x2D51),
    (0x1E06, 0x5D51), (0x1E07, 0x2D51), (0x1E08, 0x5D51), (0x1E09, 0x2D51), (0x1E0A, 0x5D51), (0x1E0B, 0x2D51), (0x1E0C, 0x5D51), (0x1E0D, 0x2D51),
    (0x1E0E, 0x5D51), (0x1E0F, 0x2D51), (0x1E10, 0x5D51), (0x1E11, 0x2D51), (0x1E12, 0x5D51), (0x1E13, 0x2D51), (0x1E14, 0x5D51), (0x1E15, 0x2D51),
    (0x1E16, 0x5D51), (0x1E17, 0x2D51), (0x1E18, 0x5D51), (0x1E19, 0x2D51), (0x1E1A, 0x5D51), (0x1E1B, 0x2D51), (0x1E1C, 0x5D51), (0x1E1D, 0x2D51),
    (0x1E1E, 0x5D51), (0x1E1F, 0x2D51), (0x1E20, 0x5D51), (0x1E21, 0x2D51), (0x1E22, 0x5D51), (0x1E23, 0x2D51), (0x1E24, 0x5D51), (0x1E25, 0x2D51),
    (0x1E26, 0x5D51), (0x1E27, 0x2D51), (0x1E28, 0x5D51), (0x1E29, 0x2D51), (0x1E2A, 0x5D51), (0x1E2B, 0x2D51), (0x1E2C, 0x5D51), (0x1E2D, 0x2D51),
    (0x1E2E, 0x5D51), (0x1E2F, 0x2D51), (0x1E30, 0x5D51), (0x1E31, 0x2D51), (0x1E32, 0x5D51), (0x1E33, 0x2D51), (0x1E34, 0x5D51), (0x1E35, 0x2D51),
    (0x1E36, 0x5D51), (0x1E37, 0x2D51), (0x1E38, 0x5D51), (0x1E39, 0x2D51), (0x1E3A, 0x5D51), (0x1E3B, 0x2D51), (0x1E3C, 0x5D51), (0x1E3D, 0x2D51),
    (0x1E3E, 0x5D51), (0x1E3F, 0x2D51), (0x1E40, 0x5D51), (0x1E41, 0x2D51), (0x1E42, 0x5D51), (0x1E43, 0x2D51), (0x1E44, 0x5D51), (0x1E45, 0x2D51),
    (0x1E46, 0x5D51), (0x1E47, 0x2D51), (0x1E48, 0x5D51), (0x1E49, 0x2D51), (0x1E4A, 0x5D51), (0x1E4B, 0x2D51), (0x1E4C, 0x5D51), (0x1E4D, 0x2D51),
    (0x1E4E, 0x5D51), (0x1E4F, 0x2D51), (0x1E50, 0x5D51), (0x1E51, 0x2D51), (0x1E52, 0x5D51), (0x1E53, 0x2D51), (0x1E54, 0x5D51), (0x1E55, 0x2D51),
    (0x1E56, 0x5D51), (0x1E57, 0x2D51), (0x1E58, 0x5D51), (0x1E59, 0x2D51), (0x1E5A, 0x5D51), (0x1E5B, 0x2D51), (0x1E5C, 0x5D51), (0x1E5D, 0x2D51),
    (0x1E5E, 0x5D51), (0x1E5F, 0x2D51), (0x1E60, 0x5D51), (0x1E61, 0x2D51), (0x1E62, 0x5D51), (0x1E63, 0x2D51), (0x1E64, 0x5D51), (0x1E65, 0x2D51),
    (0x1E66, 0x5D51), (0x1E67, 0x2D51), (0x1E68, 0x5D51), (0x1E69, 0x2D51), (0x1E6A, 0x5D51), (0x1E6B, 0x2D51), (0x1E6C, 0x5D51), (0x1E6D, 0x2D51),
    (0x1E6E, 0x5D51), (0x1E6F, 0x2D51), (0x1E70, 0x5D51), (0x1E71, 0x2D51), (0x1E72, 0x5D51), (0x1E73, 0x2D51), (0x1E74, 0x5D51), (0x1E75, 0x2D51),
    (0x1E76, 0x5D51), (0x1E77, 0x2D51), (0x1E78, 0x5D51), (0x1E79, 0x2D51), (0x1E7A, 0x5D51), (0x1E7B, 0x2D51), (0x1E7C, 0x5D51), (0x1E7D, 0x2D51),
    (0x1E7E, 0x5D51), (0x1E7F, 0x2D51), (0x1E80, 0x5D51), (0x1E81, 0x2D51), (0x1E82, 0x5D51), (0x1E83, 0x2D51), (0x1E84, 0x5D51), (0x1E85, 0x2D51),
    (0x1E86, 0x5D51), (0x1E87, 0x2D51), (0x1E88, 0x5D51), (0x1E89, 0x2D51), (0x1E8A, 0x5D51), (0x1E8B, 0x2D51), (0x1E8C, 0x5D51), (0x1E8D, 0x2D51),
    (0x1E8E, 0x5D51), (0x1E8F, 0x2D51), (0x1E90, 0x5D51), (0x1E91, 0x2D51), (0x1E92, 0x5D51), (0x1E93, 0x2D51), (0x1E94, 0x5D51), (0x1E95, 0x2D51),
    (0x1E9E, 0x5D51), (0x1E9F, 0x2D51), (0x1EA0, 0x5D51), (0x1EA1, 0x2D51), (0x1EA2, 0x5D51), (0x1EA3, 0x2D51), (0x1EA4, 0x5D51), (0x1EA5, 0x2D51),
    (0x1EA6, 0x5D51), (0x1EA7, 0x2D51), (0x1EA8, 0x5D51), (0x1EA9, 0x2D51), (0x1EAA, 0x5D51), (0x1EAB, 0x2D51), (0x1EAC, 0x5D51), (0x1EAD, 0x2D51),
    (0x1EAE, 0x5D51), (0x1EAF, 0x2D51), (0x1EB0, 0x5D51), (0x1EB1, 0x2D51), (0x1EB2, 0x5D51), (0x1EB3, 0x2D51), (0x1EB4, 0x5D51), (0x1EB5, 0x2D51),
    (0x1EB6, 0x5D51), (0x1EB7, 0x2D51), (0x1EB8, 0x5D51), (0x1EB9, 0x2D51), (0x1EBA, 0x5D51), (0x1EBB, 0x2D51), (0x1EBC, 0x5D51), (0x1EBD, 0x2D51),
    (0x1EBE, 0x5D51), (0x1EBF, 0x2D51), (0x1EC0, 0x5D51), (0x1EC1, 0x2D51), (0x1EC2, 0x5D51), (0x1EC3, 0x2D51), (0x1EC4, 0x5D51), (0x1EC5, 0x2D51),
    (0x1EC6, 0x5D51), (0x1EC7, 0x2D51), (0x1EC8, 0x5D51), (0x1EC9, 0x2D51), (0x1ECA, 0x5D51), (0x1ECB, 0x2D51), (0x1ECC, 0x5D51), (0x1ECD, 0x2D51),
    (0x1ECE, 0x5D51), (0x1ECF, 0x2D51), (0x1ED0, 0x5D51), (0x1ED1, 0x2D51), (0x1ED2, 0x5D51), (0x1ED3, 0x2D51), (0x1ED4, 0x5D51), (0x1ED5, 0x2D51),
    (0x1ED6, 0x5D51), (0x1ED7, 0x2D51), (0x1ED8, 0x5D51), (0x1ED9, 0x2D51), (0x1EDA, 0x5D51), (0x1EDB, 0x2D51), (0x1EDC, 0x5D51), (0x1EDD, 0x2D51),
    (0x1EDE, 0x5D51), (0x1EDF, 0x2D51), (0x1EE0, 0x5D51), (0x1EE1, 0x2D51), (0x1EE2, 0x5D51), (0x1EE3, 0x2D51), (0x1EE4, 0x5D51), (0x1EE5, 0x2D51),
    (0x1EE6, 0x5D51), (0x1EE7, 0x2D51), (0x1EE8, 0x5D51), (0x1EE9, 0x2D51), (0x1EEA, 0x5D51), (0x1EEB, 0x2D51), (0x1EEC, 0x5D51), (0x1EED, 0x2D51),
    (0x1EEE, 0x5D51), (0x1EEF, 0x2D51), (0x1EF0, 0x5D51), (0x1EF1, 0x2D51), (0x1EF2, 0x5D51), (0x1EF3, 0x2D51), (0x1EF4, 0x5D51), (0x1EF5, 0x2D51),
    (0x1EF6, 0x5D51), (0x1EF7, 0x2D51), (0x1EF8, 0x5D51), (0x1EF9, 0x2D51), (0x1EFA, 0x5D51), (0x1EFB, 0x2D51), (0x1EFC, 0x5D51), (0x1EFD, 0x2D51),
    (0x1EFE, 0x5D51), (0x1EFF, 0x2D51), (0x1F08, 0x5D51), (0x1F10, 0x2D51), (0x1F16, 0x0), (0x1F18, 0x5D51), (0x1F1E, 0x0), (0x1F20, 0x2D51),
    (0x1F28, 0x5D51), (0x1F30, 0x2D51), (0x1F38, 0x5D51), (0x1F40, 0x2D51), (0x1F46, 0x0), (0x1F48, 0x5D51), (0x1F4E, 0x0), (0x1F50, 0x2D51),
    (0x1F58, 0x0), (0x1F59, 0x5D51), (0x1F5A, 0x0), (0x1F5B, 0x5D51), (0x1F5C, 0x0), (0x1F5D, 0x5D51), (0x1F5E, 0x0), (0x1F5F, 0x5D51),
    (0x1F60, 0x2D51), (0x1F68, 0x5D51), (0x1F70, 0x2D51), (0x1F7E, 0x0), (0x1F80, 0x2D51), (0x1F88, 0x4D51), (0x1F90, 0x2D51), (0x1F98, 0x4D51),
    (0x1FA0, 0x2D51), (0x1FA8, 0x4D51), (0x1FB0, 0x2D51), (0x1FB5, 0x0), (0x1FB6, 0x2D51), (0x1FB8, 0x5D51), (0x1FBC, 0x4D51), (0x1FBD, 0x180),
    (0x1FBE, 0x2D51), (0x1FBF, 0x180), (0x1FC2, 0x2D51), (0x1FC5, 0x0), (0x1FC6, 0x2D51), (0x1FC8, 0x5D51), (0x1FCC, 0x4D51), (0x1FCD, 0x180),
    (0x1FD0, 0x2D51), (0x1FD4, 0x0), (0x1FD6, 0x2D51), (0x1FD8, 0x5D51), (0x1FDC, 0x0), (0x1FDD, 0x180), (0x1FE0, 0x2D51), (0x1FE8, 0x5D51),
    (0x1FED, 0x180), (0x1FF0, 0x0), (0x1FF2, 0x2D51), (0x1FF5, 0x0), (0x1FF6, 0x2D51), (0x1FF8, 0x5D51), (0x1FFC, 0x4D51), (0x1FFD, 0x180),
    (0x1FFF, 0x0), (0x2000, 0x8), (0x200B, 0x80), (0x2010, 0x100), (0x2018, 0x180), (0x201A, 0x100), (0x2024, 0x180), (0x2025, 0x100),
    (0x2027, 0x180), (0x2028, 0x28), (0x202A, 0x80), (0x202F, 0x8), (0x2030, 0x100), (0x203F, 0x900), (0x2041, 0x100), (0x2054, 0x900),
    (0x2055, 0x100), (0x205F, 0x8), (0x2060, 0x80), (0x2065, 0x0), (0x2066, 0x80), (0x2070, 0x305), (0x2071, 0x2D91), (0x2072, 0x0),
    (0x2074, 0x305), (0x207A, 0x100), (0x207F, 0x2D91), (0x2080, 0x305), (0x208A, 0x100), (0x208F, 0x0), (0x2090, 0x2D91), (0x209D, 0x0),
    (0x20A0, 0x100), (0x20C0, 0x0), (0x20D0, 0x980), (0x20DD, 0x180), (0x20E1, 0x980), (0x20E2, 0x180), (0x20E5, 0x980), (0x20F1, 0x0),
    (0x2100, 0x100), (0x2102, 0x5D51), (0x2103, 0x100), (0x2107, 0x5D51), (0x2108, 0x100), (0x210A, 0x2D51), (0x210B, 0x5D51), (0x210E, 0x2D51),
    (0x2110, 0x5D51), (0x2113, 0x2D51), (0x2114, 0x100), (0x2115, 0x5D51), (0x2116, 0x100), (0x2118, 0xD00), (0x2119, 0x5D51), (0x211E, 0x100),
    (0x2124, 0x5D51), (0x2125, 0x100), (0x2126, 0x5D51), (0x2127, 0x100), (0x2128, 0x5D51), (0x2129, 0x100), (0x212A, 0x5D51), (0x212E, 0xD00),
    (0x212F, 0x2D51), (0x2130, 0x5D51), (0x2134, 0x2D51), (0x2135, 0xD11), (0x2139, 0x2D51), (0x213A, 0x100), (0x213C, 0x2D51), (0x213E, 0x5D51),
    (0x2140, 0x100), (0x2145, 0x5D51), (0x2146, 0x2D51), (0x214A, 0x100), (0x214E, 0x2D51), (0x214F, 0x100), (0x2150, 0x301), (0x2160, 0x5F41),
    (0x2170, 0x2F41), (0x2180, 0xF01), (0x2183, 0x5D51), (0x2184, 0x2D51), (0x2185, 0xF01), (0x2189, 0x301), (0x218A, 0x100), (0x218C, 0x0),
    (0x2190, 0x100), (0x2427, 0x0), (0x2440, 0x100), (0x244B, 0x0), (0x2460, 0x305), (0x2469, 0x301), (0x2474, 0x305), (0x247D, 0x301),
    (0x2488, 0x305), (0x2491, 0x301), (0x249C, 0x100), (0x24B6, 0x5140), (0x24D0, 0x2140), (0x24EA, 0x305), (0x24EB, 0x301), (0x24F5, 0x305),
    (0x24FE, 0x301), (0x24FF, 0x305), (0x2500, 0x100), (0x2776, 0x305), (0x277F, 0x301), (0x2780, 0x305), (0x2789, 0x301), (0x278A, 0x305),
    (0x2793, 0x301), (0x2794, 0x100), (0x2B74, 0x0), (0x2B76, 0x100), (0x2B96, 0x0), (0x2B97, 0x100), (0x2C00, 0x5D51), (0x2C2F, 0x0),
    (0x2C30, 0x2D51), (0x2C5F, 0x0), (0x2C60, 0x5D51), (0x2C61, 0x2D51), (0x2C62, 0x5D51), (0x2C65, 0x2D51), (0x2C67, 0x5D51), (0x2C68, 0x2D51),
    (0x2C69, 0x5D51), (0x2C6A, 0x2D51), (0x2C6B, 0x5D51), (0x2C6C, 0x2D51), (0x2C6D, 0x5D51), (0x2C71, 0x2D51), (0x2C72, 0x5D51), (0x2C73, 0x2D51),
    (0x2C75, 0x5D51), (0x2C76, 0x2D51), (0x2C7C, 0x2D91), (0x2C7E, 0x5D51), (0x2C81, 0x2D51), (0x2C82, 0x5D51), (0x2C83, 0x2D51), (0x2C84, 0x5D51),
    (0x2C85, 0x2D51), (0x2C86, 0x5D51), (0x2C87, 0x2D51), (0x2C88, 0x5D51), (0x2C89, 0x2D51), (0x2C8A, 0x5D51), (0x2C8B, 0x2D51), (0x2C8C, 0x5D51),
    (0x2C8D, 0x2D51), (0x2C8E, 0x5D51), (0x2C8F, 0x2D51), (0x2C90, 0x5D51), (0x2C91, 0x2D51), (0x2C92, 0x5D51), (0x2C93, 0x2D51), (0x2C94, 0x5D51),
    (0x2C95, 0x2D51), (0x2C96, 0x5D51), (0x2C97, 0x2D51), (0x2C98, 0x5D51), (0x2C99, 0x2D51), (0x2C9A, 0x5D51), (0x2C9B, 0x2D51), (0x2C9C, 0x5D51),
    (0x2C9D, 0x2D51), (0x2C9E, 0x5D51), (0x2C9F, 0x2D51), (0x2CA0, 0x5D51), (0x2CA1, 0x2D51), (0x2CA2, 0x5D51), (0x2CA3, 0x2D51), (0x2CA4, 0x5D51),
    (0x2CA5, 0x2D51), (0x2CA6, 0x5D51), (0x2CA7, 0x2D51), (0x2CA8, 0x5D51), (0x2CA9, 0x2D51), (0x2CAA, 0x5D51), (0x2CAB, 0x2D51), (0x2CAC, 0x5D51),
    (0x2CAD, 0x2D51), (0x2CAE, 0x5D51), (0x2CAF, 0x2D51), (0x2CB0, 0x5D51), (0x2CB1, 0x2D51), (0x2CB2, 0x5D51), (0x2CB3, 0x2D51), (0x2CB4, 0x5D51),
    (0x2CB5, 0x2D51), (0x2CB6, 0x5D51), (0x2CB7, 0x2D51), (0x2CB8, 0x5D51), (0x2CB9, 0x2D51), (0x2CBA, 0x5D51), (0x2CBB, 0x2D51), (0x2CBC, 0x5D51),
    (0x2CBD, 0x2D51), (0x2CBE, 0x5D51), (0x2CBF, 0x2D51), (0x2CC0, 0x5D51), (0x2CC1, 0x2D51), (0x2CC2, 0x5D51), (0x2CC3, 0x2D51), (0x2CC4, 0x5D51),
    (0x2CC5, 0x2D51), (0x2CC6, 0x5D51), (0x2CC7, 0x2D51), (0x2CC8, 0x5D51), (0x2CC9, 0x2D51), (0x2CCA, 0x5D51), (0x2CCB, 0x2D51), (0x2CCC, 0x5D51),
    (0x2CCD, 0x2D51), (0x2CCE, 0x5D51), (0x2CCF, 0x2D51), (0x2CD0, 0x5D51), (0x2CD1, 0x2D51), (0x2CD2, 0x5D51), (0x2CD3, 0x2D51), (0x2CD4, 0x5D51),
    (0x2CD5, 0x2D51), (0x2CD6, 0x5D51), (0x2CD7, 0x2D51), (0x2CD8, 0x5D51), (0x2CD9, 0x2D51), (0x2CDA, 0x5D51), (0x2CDB, 0x2D51), (0x2CDC, 0x5D51),
    (0x2CDD, 0x2D51), (0x2CDE, 0x5D51), (0x2CDF, 0x2D51), (0x2CE0, 0x5D51), (0x2CE1, 0x2D51), (0x2CE2, 0x5D51), (0x2CE3, 0x2D51), (0x2CE5, 0x100),
    (0x2CEB, 0x5D51), (0x2CEC, 0x2D51), (0x2CED, 0x5D51), (0x2CEE, 0x2D51), (0x2CEF, 0x980), (0x2CF2, 0x5D51), (0x2CF3, 0x2D51), (0x2CF4, 0x0),
    (0x2CF9, 0x100), (0x2CFD, 0x301), (0x2CFE, 0x100), (0x2D00, 0x2D51), (0x2D26, 0x0), (0x2D27, 0x2D51), (0x2D28, 0x0), (0x2D2D, 0x2D51),
    (0x2D2E, 0x0), (0x2D30, 0xD11), (0x2D68, 0x0), (0x2D6F, 0xD91), (0x2D70, 0x100), (0x2D71, 0x0), (0x2D7F, 0x980), (0x2D80, 0xD11),
    (0x2D97, 0x0), (0x2DA0, 0xD11), (0x2DA7, 0x0), (0x2DA8, 0xD11), (0x2DAF, 0x0), (0x2DB0, 0xD11), (0x2DB7, 0x0), (0x2DB8, 0xD11),
    (0x2DBF, 0x0), (0x2DC0, 0xD11), (0x2DC7, 0x0), (0x2DC8, 0xD11), (0x2DCF, 0x0), (0x2DD0, 0xD11), (0x2DD7, 0x0), (0x2DD8, 0xD11),
    (0x2DDF, 0x0), (0x2DE0, 0x980), (0x2E00, 0x100), (0x2E2F, 0x191), (0x2E30, 0x100), (0x2E53, 0x0), (0x2E80, 0x100), (0x2E9A, 0x0),
    (0x2E9B, 0x100), (0x2EF4, 0x0), (0x2F00, 0x100), (0x2FD6, 0x0), (0x2FF0, 0x100), (0x2FFC, 0x0), (0x3000, 0x8), (0x3001, 0x100),
    (0x3005, 0xD91), (0x3006, 0xD11), (0x3007, 0xF01), (0x3008, 0x100), (0x3021, 0xF01), (0x302A, 0x980), (0x302E, 0x900), (0x3030, 0x100),
    (0x3031, 0xD91), (0x3036, 0x100), (0x3038, 0xF01), (0x303B, 0xD91), (0x303C, 0xD11), (0x303D, 0x100), (0x3040, 0x0), (0x3041, 0xD11),
    (0x3097, 0x0), (0x3099, 0x980), (0x309B, 0x180), (0x309D, 0xD91), (0x309F, 0xD11), (0x30A0, 0x100), (0x30A1, 0xD11), (0x30FB, 0x100),
    (0x30FC, 0xD91), (0x30FF, 0xD11), (0x3100, 0x0), (0x3105, 0xD11), (0x3130, 0x0), (0x3131, 0xD11), (0x318F, 0x0), (0x3190, 0x100),
    (0x3192, 0x301), (0x3196, 0x100), (0x31A0, 0xD11), (0x31C0, 0x100), (0x31E4, 0x0), (0x31F0, 0xD11), (0x3200, 0x100), (0x321F, 0x0),
    (0x3220, 0x301), (0x322A, 0x100), (0x3248, 0x301), (0x3250, 0x100), (0x3251, 0x301), (0x3260, 0x100), (0x3280, 0x301), (0x328A, 0x100),
    (0x32B1, 0x301), (0x32C0, 0x100), (0x3400, 0xD11), (0x3405, 0xF11), (0x3406, 0xD11), (0x3483, 0xF11), (0x3484, 0xD11), (0x382A, 0xF11),
    (0x382B, 0xD11), (0x3B4D, 0xF11), (0x3B4E, 0xD11), (0x4DC0, 0x100), (0x4E00, 0xF11), (0x4E01, 0xD11), (0x4E03, 0xF11), (0x4E04, 0xD11),
    (0x4E07, 0xF11), (0x4E08, 0xD11), (0x4E09, 0xF11), (0x4E0A, 0xD11), (0x4E5D, 0xF11), (0x4E5E, 0xD11), (0x4E8C, 0xF11), (0x4E8D, 0xD11),
    (0x4E94, 0xF11), (0x4E95, 0xD11), (0x4E96, 0xF11), (0x4E97, 0xD11), (0x4EBF, 0xF11), (0x4EC1, 0xD11), (0x4EDF, 0xF11), (0x4EE0, 0xD11),
    (0x4EE8, 0xF11), (0x4EE9, 0xD11), (0x4F0D, 0xF11), (0x4F0E, 0xD11), (0x4F70, 0xF11), (0x4F71, 0xD11), (0x5104, 0xF11), (0x5105, 0xD11),
    (0x5146, 0xF11), (0x5147, 0xD11), (0x5169, 0xF11), (0x516A, 0xD11), (0x516B, 0xF11), (0x516C, 0xD11), (0x516D, 0xF11), (0x516E, 0xD11),
    (0x5341, 0xF11), (0x5342, 0xD11), (0x5343, 0xF11), (0x5346, 0xD11), (0x534C, 0xF11), (0x534D, 0xD11), (0x53C1, 0xF11), (0x53C5, 0xD11),
    (0x56DB, 0xF11), (0x56DC, 0xD11), (0x58F1, 0xF11), (0x58F2, 0xD11), (0x58F9, 0xF11), (0x58FA, 0xD11), (0x5E7A, 0xF11), (0x5E7B, 0xD11),
    (0x5EFE, 0xF11), (0x5F00, 0xD11), (0x5F0C, 0xF11), (0x5F0F, 0xD11), (0x5F10, 0xF11), (0x5F11, 0xD11), (0x62FE, 0xF11), (0x62FF, 0xD11),
    (0x634C, 0xF11), (0x634D, 0xD11), (0x67D2, 0xF11), (0x67D3, 0xD11), (0x6F06, 0xF11), (0x6F07, 0xD11), (0x7396, 0xF11), (0x7397, 0xD11),
    (0x767E, 0xF11), (0x767F, 0xD11), (0x8086, 0xF11), (0x8087, 0xD11), (0x842C, 0xF11), (0x842D, 0xD11), (0x8CAE, 0xF11), (0x8CAF, 0xD11),
    (0x8CB3, 0xF11), (0x8CB4, 0xD11), (0x8D30, 0xF11), (0x8D31, 0xD11), (0x9621, 0xF11), (0x9622, 0xD11), (0x9646, 0xF11), (0x9647, 0xD11),
    (0x964C, 0xF11), (0x964D, 0xD11), (0x9678, 0xF11), (0x9679, 0xD11), (0x96F6, 0xF11), (0x96F7, 0xD11), (0x9FFD, 0x0), (0xA000, 0xD11),
    (0xA015, 0xD91), (0xA016, 0xD11), (0xA48D, 0x0), (0xA490, 0x100), (0xA4C7, 0x0), (0xA4D0, 0xD11), (0xA4F8, 0xD91), (0xA4FE, 0x100),
    (0xA500, 0xD11), (0xA60C, 0xD91), (0xA60D, 0x100), (0xA610, 0xD11), (0xA620, 0xB07), (0xA62A, 0xD11), (0xA62C, 0x0), (0xA640, 0x5D51),
    (0xA641, 0x2D51), (0xA642, 0x5D51), (0xA643, 0x2D51), (0xA644, 0x5D51), (0xA645, 0x2D51), (0xA646, 0x5D51), (0xA647, 0x2D51), (0xA648, 0x5D51),
    (0xA649, 0x2D51), (0xA64A, 0x5D51), (0xA64B, 0x2D51), (0xA64C, 0x5D51), (0xA64D, 0x2D51), (0xA64E, 0x5D51), (0xA64F, 0x2D51), (0xA650, 0x5D51),
    (0xA651, 0x2D51), (0xA652, 0x5D51), (0xA653, 0x2D51), (0xA654, 0x5D51), (0xA655, 0x2D51), (0xA656, 0x5D51), (0xA657, 0x2D51), (0xA658, 0x5D51),
    (0xA659, 0x2D51), (0xA65A, 0x5D51), (0xA65B, 0x2D51), (0xA65C, 0x5D51), (0xA65D, 0x2D51), (0xA65E, 0x5D51), (0xA65F, 0x2D51), (0xA660, 0x5D51),
    (0xA661, 0x2D51), (0xA662, 0x5D51), (0xA663, 0x2D51), (0xA664, 0x5D51), (0xA665, 0x2D51), (0xA666, 0x5D51), (0xA667, 0x2D51), (0xA668, 0x5D51),
    (0xA669, 0x2D51), (0xA66A, 0x5D51), (0xA66B, 0x2D51), (0xA66C, 0x5D51), (0xA66D, 0x2D51), (0xA66E, 0xD11), (0xA66F, 0x980), (0xA670, 0x180),
    (0xA673, 0x100), (0xA674, 0x980), (0xA67E, 0x100), (0xA67F, 0xD91), (0xA680, 0x5D51), (0xA681, 0x2D51), (0xA682, 0x5D51), (0xA683, 0x2D51),
    (0xA684, 0x5D51), (0xA685, 0x2D51), (0xA686, 0x5D51), (0xA687, 0x2D51), (0xA688, 0x5D51), (0xA689, 0x2D51), (0xA68A, 0x5D51), (0xA68B, 0x2D51),
    (0xA68C, 0x5D51), (0xA68D, 0x2D51), (0xA68E, 0x5D51), (0xA68F, 0x2D51), (0xA690, 0x5D51), (0xA691, 0x2D51), (0xA692, 0x5D51), (0xA693, 0x2D51),
    (0xA694, 0x5D51), (0xA695, 0x2D51), (0xA696, 0x5D51), (0xA697, 0x2D51), (0xA698, 0x5D51), (0xA699, 0x2D51), (0xA69A, 0x5D51), (0xA69B, 0x2D51),
    (0xA69C, 0x2D91), (0xA69E, 0x980), (0xA6A0, 0xD11), (0xA6E6, 0xF01), (0xA6F0, 0x980), (0xA6F2, 0x100), (0xA6F8, 0x0), (0xA700, 0x180),
    (0xA717, 0xD91), (0xA720, 0x180), (0xA722, 0x5D51), (0xA723, 0x2D51), (0xA724, 0x5D51), (0xA725, 0x2D51), (0xA726, 0x5D51), (0xA727, 0x2D51),
    (0xA728, 0x5D51), (0xA729, 0x2D51), (0xA72A, 0x5D51), (0xA72B, 0x2D51), (0xA72C, 0x5D51), (0xA72D, 0x2D51), (0xA72E, 0x5D51), (0xA72F, 0x2D51),
    (0xA732, 0x5D51), (0xA733, 0x2D51), (0xA734, 0x5D51), (0xA735, 0x2D51), (0xA736, 0x5D51), (0xA737, 0x2D51), (0xA738, 0x5D51), (0xA739, 0x2D51),
    (0xA73A, 0x5D51), (0xA73B, 0x2D51), (0xA73C, 0x5D51), (0xA73D, 0x2D51), (0xA73E, 0x5D51), (0xA73F, 0x2D51), (0xA740, 0x5D51), (0xA741, 0x2D51),
    (0xA742, 0x5D51), (0xA743, 0x2D51), (0xA744, 0x5D51), (0xA745, 0x2D51), (0xA746, 0x5D51), (0xA747, 0x2D51), (0xA748, 0x5D51), (0xA749, 0x2D51),
    (0xA74A, 0x5D51), (0xA74B, 0x2D51), (0xA74C, 0x5D51), (0xA74D, 0x2D51), (0xA74E, 0x5D51), (0xA74F, 0x2D51), (0xA750, 0x5D51), (0xA751, 0x2D51),
    (0xA752, 0x5D51), (0xA753, 0x2D51), (0xA754, 0x5D51), (0xA755, 0x2D51), (0xA756, 0x5D51), (0xA757, 0x2D51), (0xA758, 0x5D51), (0xA759, 0x2D51),
    (0xA75A, 0x5D51), (0xA75B, 0x2D51), (0xA75C, 0x5D51), (0xA75D, 0x2D51), (0xA75E, 0x5D51), (0xA75F, 0x2D51), (0xA760, 0x5D51), (0xA761, 0x2D51),
    (0xA762, 0x5D51), (0xA763, 0x2D51), (0xA764, 0x5D51), (0xA765, 0x2D51), (0xA766, 0x5D51), (0xA767, 0x2D51), (0xA768, 0x5D51), (0xA769, 0x2D51),
    (0xA76A, 0x5D51), (0xA76B, 0x2D51), (0xA76C, 0x5D51), (0xA76D, 0x2D51), (0xA76E, 0x5D51), (0xA76F, 0x2D51), (0xA770, 0x2D91), (0xA771, 0x2D51),
    (0xA779, 0x5D51), (0xA77A, 0x2D51), (0xA77B, 0x5D51), (0xA77C, 0x2D51), (0xA77D, 0x5D51), (0xA77F, 0x2D51), (0xA780, 0x5D51), (0xA781, 0x2D51),
    (0xA782, 0x5D51), (0xA783, 0x2D51), (0xA784, 0x5D51), (0xA785, 0x2D51), (0xA786, 0x5D51), (0xA787, 0x2D51), (0xA788, 0xD91), (0xA789, 0x180),
    (0xA78B, 0x5D51), (0xA78C, 0x2D51), (0xA78D, 0x5D51), (0xA78E, 0x2D51), (0xA78F, 0xD11), (0xA790, 0x5D51), (0xA791, 0x2D51), (0xA792, 0x5D51),
    (0xA793, 0x2D51), (0xA796, 0x5D51), (0xA797, 0x2D51), (0xA798, 0x5D51), (0xA799, 0x2D51), (0xA79A, 0x5D51), (0xA79B, 0x2D51), (0xA79C, 0x5D51),
    (0xA79D, 0x2D51), (0xA79E, 0x5D51), (0xA79F, 0x2D51), (0xA7A0, 0x5D51), (0xA7A1, 0x2D51), (0xA7A2, 0x5D51), (0xA7A3, 0x2D51), (0xA7A4, 0x5D51),
    (0xA7A5, 0x2D51), (0xA7A6, 0x5D51), (0xA7A7, 0x2D51), (0xA7A8, 0x5D51), (0xA7A9, 0x2D51), (0xA7AA, 0x5D51), (0xA7AF, 0x2D51), (0xA7B0, 0x5D51),
    (0xA7B5, 0x2D51), (0xA7B6, 0x5D51), (0xA7B7, 0x2D51), (0xA7B8, 0x5D51), (0xA7B9, 0x2D51), (0xA7BA, 0x5D51), (0xA7BB, 0x2D51), (0xA7BC, 0x5D51),
    (0xA7BD, 0x2D51), (0xA7BE, 0x5D51), (0xA7BF, 0x2D51), (0xA7C0, 0x0), (0xA7C2, 0x5D51), (0xA7C3, 0x2D51), (0xA7C4, 0x5D51), (0xA7C8, 0x2D51),
    (0xA7C9, 0x5D51), (0xA7CA, 0x2D51), (0xA7CB, 0x0), (0xA7F5, 0x5D51), (0xA7F6, 0x2D51), (0xA7F7, 0xD11), (0xA7F8, 0x2D91), (0xA7FA, 0x2D51),
    (0xA7FB, 0xD11), (0xA802, 0x980), (0xA803, 0xD11), (0xA806, 0x980), (0xA807, 0xD11), (0xA80B, 0x980), (0xA80C, 0xD11), (0xA823, 0x900),
    (0xA825, 0x980), (0xA827, 0x900), (0xA828, 0x100), (0xA82C, 0x980), (0xA82D, 0x0), (0xA830, 0x301), (0xA836, 0x100), (0xA83A, 0x0),
    (0xA840, 0xD11), (0xA874, 0x100), (0xA878, 0x0), (0xA880, 0x900), (0xA882, 0xD11), (0xA8B4, 0x900), (0xA8C4, 0x980), (0xA8C6, 0x0),
    (0xA8CE, 0x100), (0xA8D0, 0xB07), (0xA8DA, 0x0), (0xA8E0, 0x980), (0xA8F2, 0xD11), (0xA8F8, 0x100), (0xA8FB, 0xD11), (0xA8FC, 0x100),
    (0xA8FD, 0xD11), (0xA8FF, 0x980), (0xA900, 0xB07), (0xA90A, 0xD11), (0xA926, 0x980), (0xA92E, 0x100), (0xA930, 0xD11), (0xA947, 0x980),
    (0xA952, 0x900), (0xA954, 0x0), (0xA95F, 0x100), (0xA960, 0xD11), (0xA97D, 0x0), (0xA980, 0x980), (0xA983, 0x900), (0xA984, 0xD11),
    (0xA9B3, 0x980), (0xA9B4, 0x900), (0xA9B6, 0x980), (0xA9BA, 0x900), (0xA9BC, 0x980), (0xA9BE, 0x900), (0xA9C1, 0x100), (0xA9CE, 0x0),
    (0xA9CF, 0xD91), (0xA9D0, 0xB07), (0xA9DA, 0x0), (0xA9DE, 0x100), (0xA9E0, 0xD11), (0xA9E5, 0x980), (0xA9E6, 0xD91), (0xA9E7, 0xD11),
    (0xA9F0, 0xB07), (0xA9FA, 0xD11), (0xA9FF, 0x0), (0xAA00, 0xD11), (0xAA29, 0x980), (0xAA2F, 0x900), (0xAA31, 0x980), (0xAA33, 0x900),
    (0xAA35, 0x980), (0xAA37, 0x0), (0xAA40, 0xD11), (0xAA43, 0x980), (0xAA44, 0xD11), (0xAA4C, 0x980), (0xAA4D, 0x900), (0xAA4E, 0x0),
    (0xAA50, 0xB07), (0xAA5A, 0x0), (0xAA5C, 0x100), (0xAA60, 0xD11), (0xAA70, 0xD91), (0xAA71, 0xD11), (0xAA77, 0x100), (0xAA7A, 0xD11),
    (0xAA7B, 0x900), (0xAA7C, 0x980), (0xAA7D, 0x900), (0xAA7E, 0xD11), (0xAAB0, 0x980), (0xAAB1, 0xD11), (0xAAB2, 0x980), (0xAAB5, 0xD11),
    (0xAAB7, 0x980), (0xAAB9, 0xD11), (0xAABE, 0x980), (0xAAC0, 0xD11), (0xAAC1, 0x980), (0xAAC2, 0xD11), (0xAAC3, 0x0), (0xAADB, 0xD11),
    (0xAADD, 0xD91), (0xAADE, 0x100), (0xAAE0, 0xD11), (0xAAEB, 0x900), (0xAAEC, 0x980), (0xAAEE, 0x900), (0xAAF0, 0x100), (0xAAF2, 0xD11),
    (0xAAF3, 0xD91), (0xAAF5, 0x900), (0xAAF6, 0x980), (0xAAF7, 0x0), (0xAB01, 0xD11), (0xAB07, 0x0), (0xAB09, 0xD11), (0xAB0F, 0x0),
    (0xAB11, 0xD11), (0xAB17, 0x0), (0xAB20, 0xD11), (0xAB27, 0x0), (0xAB28, 0xD11), (0xAB2F, 0x0), (0xAB30, 0x2D51), (0xAB5B, 0x180),
    (0xAB5C, 0x2D91), (0xAB60, 0x2D51), (0xAB69, 0xD91), (0xAB6A, 0x180), (0xAB6C, 0x0), (0xAB70, 0x2D51), (0xABC0, 0xD11), (0xABE3, 0x900),
    (0xABE5, 0x980), (0xABE6, 0x900), (0xABE8, 0x980), (0xABE9, 0x900), (0xABEB, 0x100), (0xABEC, 0x900), (0xABED, 0x980), (0xABEE, 0x0),
    (0xABF0, 0xB07), (0xABFA, 0x0), (0xAC00, 0xD11), (0xD7A4, 0x0), (0xD7B0, 0xD11), (0xD7C7, 0x0), (0xD7CB, 0xD11), (0xD7FC, 0x0),
    (0xF900, 0xD11), (0xF96B, 0xF11), (0xF96C, 0xD11), (0xF973, 0xF11), (0xF974, 0xD11), (0xF978, 0xF11), (0xF979, 0xD11), (0xF9B2, 0xF11),
    (0xF9B3, 0xD11), (0xF9D1, 0xF11), (0xF9D2, 0xD11), (0xF9D3, 0xF11), (0xF9D4, 0xD11), (0xF9FD, 0xF11), (0xF9FE, 0xD11), (0xFA6E, 0x0),
    (0xFA70, 0xD11), (0xFADA, 0x0), (0xFB00, 0x2D51), (0xFB07, 0x0), (0xFB13, 0x2D51), (0xFB18, 0x0), (0xFB1D, 0xD11), (0xFB1E, 0x980),
    (0xFB1F, 0xD11), (0xFB29, 0x100), (0xFB2A, 0xD11), (0xFB37, 0x0), (0xFB38, 0xD11), (0xFB3D, 0x0), (0xFB3E, 0xD11), (0xFB3F, 0x0),
    (0xFB40, 0xD11), (0xFB42, 0x0), (0xFB43, 0xD11), (0xFB45, 0x0), (0xFB46, 0xD11), (0xFBB2, 0x180), (0xFBC2, 0x0), (0xFBD3, 0xD11),
    (0xFC5E, 0x111), (0xFC64, 0xD11), (0xFD3E, 0x100), (0xFD40, 0x0), (0xFD50, 0xD11), (0xFD90, 0x0), (0xFD92, 0xD11), (0xFDC8, 0x0),
    (0xFDF0, 0xD11), (0xFDFA, 0x111), (0xFDFC, 0x100), (0xFDFE, 0x0), (0xFE00, 0x980), (0xFE10, 0x100), (0xFE13, 0x180), (0xFE14, 0x100),
    (0xFE1A, 0x0), (0xFE20, 0x980), (0xFE30, 0x100), (0xFE33, 0x900), (0xFE35, 0x100), (0xFE4D, 0x900), (0xFE50, 0x100), (0xFE52, 0x180),
    (0xFE53, 0x0), (0xFE54, 0x100), (0xFE55, 0x180), (0xFE56, 0x100), (0xFE67, 0x0), (0xFE68, 0x100), (0xFE6C, 0x0), (0xFE70, 0x111),
    (0xFE71, 0xD11), (0xFE72, 0x111), (0xFE73, 0xD11), (0xFE74, 0x111), (0xFE75, 0x0), (0xFE76, 0x111), (0xFE77, 0xD11), (0xFE78, 0x111),
    (0xFE79, 0xD11), (0xFE7A, 0x111), (0xFE7B, 0xD11), (0xFE7C, 0x111), (0xFE7D, 0xD11), (0xFE7E, 0x111), (0xFE7F, 0xD11), (0xFEFD, 0x0),
    (0xFEFF, 0x80), (0xFF00, 0x0), (0xFF01, 0x100), (0xFF07, 0x180), (0xFF08, 0x100), (0xFF0E, 0x180), (0xFF0F, 0x100), (0xFF10, 0xB07),
    (0xFF1A, 0x180), (0xFF1B, 0x100), (0xFF21, 0x5D51), (0xFF3B, 0x100), (0xFF3E, 0x180), (0xFF3F, 0x900), (0xFF40, 0x180), (0xFF41, 0x2D51),
    (0xFF5B, 0x100), (0xFF66, 0xD11), (0xFF70, 0xD91), (0xFF71, 0xD11), (0xFF9E, 0x991), (0xFFA0, 0xD11), (0xFFBF, 0x0), (0xFFC2, 0xD11),
    (0xFFC8, 0x0), (0xFFCA, 0xD11), (0xFFD0, 0x0), (0xFFD2, 0xD11), (0xFFD8, 0x0), (0xFFDA, 0xD11), (0xFFDD, 0x0), (0xFFE0, 0x100),
    (0xFFE3, 0x180), (0xFFE4, 0x100), (0xFFE7, 0x0), (0xFFE8, 0x100), (0xFFEF, 0x0), (0xFFF9, 0x80), (0xFFFC, 0x100), (0xFFFE, 0x0),
    (0x10000, 0xD11), (0x1000C, 0x0), (0x1000D, 0xD11), (0x10027, 0x0), (0x10028, 0xD11), (0x1003B, 0x0), (0x1003C, 0xD11), (0x1003E, 0x0),
    (0x1003F, 0xD11), (0x1004E, 0x0), (0x10050, 0xD11), (0x1005E, 0x0), (0x10080, 0xD11), (0x100FB, 0x0), (0x10100, 0x100), (0x10103, 0x0),
    (0x10107, 0x301), (0x10134, 0x0), (0x10137, 0x100), (0x10140, 0xF01), (0x10175, 0x301), (0x10179, 0x100), (0x1018A, 0x301), (0x1018C, 0x100),
    (0x1018F, 0x0), (0x10190, 0x100), (0x1019D, 0x0), (0x101A0, 0x100), (0x101A1, 0x0), (0x101D0, 0x100), (0x101FD, 0x980), (0x101FE, 0x0),
    (0x10280, 0xD11), (0x1029D, 0x0), (0x102A0, 0xD11), (0x102D1, 0x0), (0x102E0, 0x980), (0x102E1, 0x301), (0x102FC, 0x0), (0x10300, 0xD11),
    (0x10320, 0x301), (0x10324, 0x0), (0x1032D, 0xD11), (0x10341, 0xF01), (0x10342, 0xD11), (0x1034A, 0xF01), (0x1034B, 0x0), (0x10350, 0xD11),
    (0x10376, 0x980), (0x1037B, 0x0), (0x10380, 0xD11), (0x1039E, 0x0), (0x1039F, 0x100), (0x103A0, 0xD11), (0x103C4, 0x0), (0x103C8, 0xD11),
    (0x103D0, 0x100), (0x103D1, 0xF01), (0x103D6, 0x0), (0x10400, 0x5D51), (0x10428, 0x2D51), (0x10450, 0xD11), (0x1049E, 0x0), (0x104A0, 0xB07),
    (0x104AA, 0x0), (0x104B0, 0x5D51), (0x104D4, 0x0), (0x104D8, 0x2D51), (0x104FC, 0x0), (0x10500, 0xD11), (0x10528, 0x0), (0x10530, 0xD11),
    (0x10564, 0x0), (0x1056F, 0x100), (0x10570, 0x0), (0x10600, 0xD11), (0x10737, 0x0), (0x10740, 0xD11), (0x10756, 0x0), (0x10760, 0xD11),
    (0x10768, 0x0), (0x10800, 0xD11), (0x10806, 0x0), (0x10808, 0xD11), (0x10809, 0x0), (0x1080A, 0xD11), (0x10836, 0x0), (0x10837, 0xD11),
    (0x10839, 0x0), (0x1083C, 0xD11), (0x1083D, 0x0), (0x1083F, 0xD11), (0x10856, 0x0), (0x10857, 0x100), (0x10858, 0x301), (0x10860, 0xD11),
    (0x10877, 0x100), (0x10879, 0x301), (0x10880, 0xD11), (0x1089F, 0x0), (0x108A7, 0x301), (0x108B0, 0x0), (0x108E0, 0xD11), (0x108F3, 0x0),
    (0x108F4, 0xD11), (0x108F6, 0x0), (0x108FB, 0x301), (0x10900, 0xD11), (0x10916, 0x301), (0x1091C, 0x0), (0x1091F, 0x100), (0x10920, 0xD11),
    (0x1093A, 0x0), (0x1093F, 0x100), (0x10940, 0x0), (0x10980, 0xD11), (0x109B8, 0x0), (0x109BC, 0x301), (0x109BE, 0xD11), (0x109C0, 0x301),
    (0x109D0, 0x0), (0x109D2, 0x301), (0x10A00, 0xD11), (0x10A01, 0x980), (0x10A04, 0x0), (0x10A05, 0x980), (0x10A07, 0x0), (0x10A0C, 0x980),
    (0x10A10, 0xD11), (0x10A14, 0x0), (0x10A15, 0xD11), (0x10A18, 0x0), (0x10A19, 0xD11), (0x10A36, 0x0), (0x10A38, 0x980), (0x10A3B, 0x0),
    (0x10A3F, 0x980), (0x10A40, 0x305), (0x10A44, 0x301), (0x10A49, 0x0), (0x10A50, 0x100), (0x10A59, 0x0), (0x10A60, 0xD11), (0x10A7D, 0x301),
    (0x10A7F, 0x100), (0x10A80, 0xD11), (0x10A9D, 0x301), (0x10AA0, 0x0), (0x10AC0, 0xD11), (0x10AC8, 0x100), (0x10AC9, 0xD11), (0x10AE5, 0x980),
    (0x10AE7, 0x0), (0x10AEB, 0x301), (0x10AF0, 0x100), (0x10AF7, 0x0), (0x10B00, 0xD11), (0x10B36, 0x0), (0x10B39, 0x100), (0x10B40, 0xD11),
    (0x10B56, 0x0), (0x10B58, 0x301), (0x10B60, 0xD11), (0x10B73, 0x0), (0x10B78, 0x301), (0x10B80, 0xD11), (0x10B92, 0x0), (0x10B99, 0x100),
    (0x10B9D, 0x0), (0x10BA9, 0x301), (0x10BB0, 0x0), (0x10C00, 0xD11), (0x10C49, 0x0), (0x10C80, 0x5D51), (0x10CB3, 0x0), (0x10CC0, 0x2D51),
    (0x10CF3, 0x0), (0x10CFA, 0x301), (0x10D00, 0xD11), (0x10D24, 0x980), (0x10D28, 0x0), (0x10D30, 0xB07), (0x10D3A, 0x0), (0x10E60, 0x305),
    (0x10E69, 0x301), (0x10E7F, 0x0), (0x10E80, 0xD11), (0x10EAA, 0x0), (0x10EAB, 0x980), (0x10EAD, 0x100), (0x10EAE, 0x0), (0x10EB0, 0xD11),
    (0x10EB2, 0x0), (0x10F00, 0xD11), (0x10F1D, 0x301), (0x10F27, 0xD11), (0x10F28, 0x0), (0x10F30, 0xD11), (0x10F46, 0x980), (0x10F51, 0x301),
    (0x10F55, 0x100), (0x10F5A, 0x0), (0x10FB0, 0xD11), (0x10FC5, 0x301), (0x10FCC, 0x0), (0x10FE0, 0xD11), (0x10FF7, 0x0), (0x11000, 0x900),
    (0x11001, 0x980), (0x11002, 0x900), (0x11003, 0xD11), (0x11038, 0x980), (0x11047, 0x100), (0x1104E, 0x0), (0x11052, 0x305), (0x1105B, 0x301),
    (0x11066, 0xB07), (0x11070, 0x0), (0x1107F, 0x980), (0x11082, 0x900), (0x11083, 0xD11), (0x110B0, 0x900), (0x110B3, 0x980), (0x110B7, 0x900),
    (0x110B9, 0x980), (0x110BB, 0x100), (0x110BD, 0x80), (0x110BE, 0x100), (0x110C2, 0x0), (0x110CD, 0x80), (0x110CE, 0x0), (0x110D0, 0xD11),
    (0x110E9, 0x0), (0x110F0, 0xB07), (0x110FA, 0x0), (0x11100, 0x980), (0x11103, 0xD11), (0x11127, 0x980), (0x1112C, 0x900), (0x1112D, 0x980),
    (0x11135, 0x0), (0x11136, 0xB07), (0x11140, 0x100), (0x11144, 0xD11), (0x11145, 0x900), (0x11147, 0xD11), (0x11148, 0x0), (0x11150, 0xD11),
    (0x11173, 0x980), (0x11174, 0x100), (0x11176, 0xD11), (0x11177, 0x0), (0x11180, 0x980), (0x11182, 0x900), (0x11183, 0xD11), (0x111B3, 0x900),
    (0x111B6, 0x980), (0x111BF, 0x900), (0x111C1, 0xD11), (0x111C5, 0x100), (0x111C9, 0x980), (0x111CD, 0x100), (0x111CE, 0x900), (0x111CF, 0x980),
    (0x111D0, 0xB07), (0x111DA, 0xD11), (0x111DB, 0x100), (0x111DC, 0xD11), (0x111DD, 0x100), (0x111E0, 0x0), (0x111E1, 0x301), (0x111F5, 0x0),
    (0x11200, 0xD11), (0x11212, 0x0), (0x11213, 0xD11), (0x1122C, 0x900), (0x1122F, 0x980), (0x11232, 0x900), (0x11234, 0x980), (0x11235, 0x900),
    (0x11236, 0x980), (0x11238, 0x100), (0x1123E, 0x980), (0x1123F, 0x0), (0x11280, 0xD11), (0x11287, 0x0), (0x11288, 0xD11), (0x11289, 0x0),
    (0x1128A, 0xD11), (0x1128E, 0x0), (0x1128F, 0xD11), (0x1129E, 0x0), (0x1129F, 0xD11), (0x112A9, 0x100), (0x112AA, 0x0), (0x112B0, 0xD11),
    (0x112DF, 0x980), (0x112E0, 0x900), (0x112E3, 0x980), (0x112EB, 0x0), (0x112F0, 0xB07), (0x112FA, 0x0), (0x11300, 0x980), (0x11302, 0x900),
    (0x11304, 0x0), (0x11305, 0xD11), (0x1130D, 0x0), (0x1130F, 0xD11), (0x11311, 0x0), (0x11313, 0xD11), (0x11329, 0x0), (0x1132A, 0xD11),
    (0x11331, 0x0), (0x11332, 0xD11), (0x11334, 0x0), (0x11335, 0xD11), (0x1133A, 0x0), (0x1133B, 0x980), (0x1133D, 0xD11), (0x1133E, 0x900),
    (0x11340, 0x980), (0x11341, 0x900), (0x11345, 0x0), (0x11347, 0x900), (0x11349, 0x0), (0x1134B, 0x900), (0x1134E, 0x0), (0x11350, 0xD11),
    (0x11351, 0x0), (0x11357, 0x900), (0x11358, 0x0), (0x1135D, 0xD11), (0x11362, 0x900), (0x11364, 0x0), (0x11366, 0x980), (0x1136D, 0x0),
    (0x11370, 0x980), (0x11375, 0x0), (0x11400, 0xD11), (0x11435, 0x900), (0x11438, 0x980), (0x11440, 0x900), (0x11442, 0x980), (0x11445, 0x900),
    (0x11446, 0x980), (0x11447, 0xD11), (0x1144B, 0x100), (0x11450, 0xB07), (0x1145A, 0x100), (0x1145C, 0x0), (0x1145D, 0x100), (0x1145E, 0x980),
    (0x1145F, 0xD11), (0x11462, 0x0), (0x11480, 0xD11), (0x114B0, 0x900), (0x114B3, 0x980), (0x114B9, 0x900), (0x114BA, 0x980), (0x114BB, 0x900),
    (0x114BF, 0x980), (0x114C1, 0x900), (0x114C2, 0x980), (0x114C4, 0xD11), (0x114C6, 0x100), (0x114C7, 0xD11), (0x114C8, 0x0), (0x114D0, 0xB07),
    (0x114DA, 0x0), (0x11580, 0xD11), (0x115AF, 0x900), (0x115B2, 0x980), (0x115B6, 0x0), (0x115B8, 0x900), (0x115BC, 0x980), (0x115BE, 0x900),
    (0x115BF, 0x980), (0x115C1, 0x100), (0x115D8, 0xD11), (0x115DC, 0x980), (0x115DE, 0x0), (0x11600, 0xD11), (0x11630, 0x900), (0x11633, 0x980),
    (0x1163B, 0x900), (0x1163D, 0x980), (0x1163E, 0x900), (0x1163F, 0x980), (0x11641, 0x100), (0x11644, 0xD11), (0x11645, 0x0), (0x11650, 0xB07),
    (0x1165A, 0x0), (0x11660, 0x100), (0x1166D, 0x0), (0x11680, 0xD11), (0x116AB, 0x980), (0x116AC, 0x900), (0x116AD, 0x980), (0x116AE, 0x900),
    (0x116B0, 0x980), (0x116B6, 0x900), (0x116B7, 0x980), (0x116B8, 0xD11), (0x116B9, 0x0), (0x116C0, 0xB07), (0x116CA, 0x0), (0x11700, 0xD11),
    (0x1171B, 0x0), (0x1171D, 0x980), (0x11720, 0x900), (0x11722, 0x980), (0x11726, 0x900), (0x11727, 0x980), (0x1172C, 0x0), (0x11730, 0xB07),
    (0x1173A, 0x301), (0x1173C, 0x100), (0x11740, 0x0), (0x11800, 0xD11), (0x1182C, 0x900), (0x1182F, 0x980), (0x11838, 0x900), (0x11839, 0x980),
    (0x1183B, 0x100), (0x1183C, 0x0), (0x118A0, 0x5D51), (0x118C0, 0x2D51), (0x118E0, 0xB07), (0x118EA, 0x301), (0x118F3, 0x0), (0x118FF, 0xD11),
    (0x11907, 0x0), (0x11909, 0xD11), (0x1190A, 0x0), (0x1190C, 0xD11), (0x11914, 0x0), (0x11915, 0xD11), (0x11917, 0x0), (0x11918, 0xD11),
    (0x11930, 0x900), (0x11936, 0x0), (0x11937, 0x900), (0x11939, 0x0), (0x1193B, 0x980), (0x1193D, 0x900), (0x1193E, 0x980), (0x1193F, 0xD11),
    (0x11940, 0x900), (0x11941, 0xD11), (0x11942, 0x900), (0x11943, 0x980), (0x11944, 0x100), (0x11947, 0x0), (0x11950, 0xB07), (0x1195A, 0x0),
    (0x119A0, 0xD11), (0x119A8, 0x0), (0x119AA, 0xD11), (0x119D1, 0x900), (0x119D4, 0x980), (0x119D8, 0x0), (0x119DA, 0x980), (0x119DC, 0x900),
    (0x119E0, 0x980), (0x119E1, 0xD11), (0x119E2, 0x100), (0x119E3, 0xD11), (0x119E4, 0x900), (0x119E5, 0x0), (0x11A00, 0xD11), (0x11A01, 0x980),
    (0x11A0B, 0xD11), (0x11A33, 0x980), (0x11A39, 0x900), (0x11A3A, 0xD11), (0x11A3B, 0x980), (0x11A3F, 0x100), (0x11A47, 0x980), (0x11A48, 0x0),
    (0x11A50, 0xD11), (0x11A51, 0x980), (0x11A57, 0x900), (0x11A59, 0x980), (0x11A5C, 0xD11), (0x11A8A, 0x980), (0x11A97, 0x900), (0x11A98, 0x980),
    (0x11A9A, 0x100), (0x11A9D, 0xD11), (0x11A9E, 0x100), (0x11AA3, 0x0), (0x11AC0, 0xD11), (0x11AF9, 0x0), (0x11C00, 0xD11), (0x11C09, 0x0),
    (0x11C0A, 0xD11), (0x11C2F, 0x900), (0x11C30, 0x980), (0x11C37, 0x0), (0x11C38, 0x980), (0x11C3E, 0x900), (0x11C3F, 0x980), (0x11C40, 0xD11),
    (0x11C41, 0x100), (0x11C46, 0x0), (0x11C50, 0xB07), (0x11C5A, 0x301), (0x11C6D, 0x0), (0x11C70, 0x100), (0x11C72, 0xD11), (0x11C90, 0x0),
    (0x11C92, 0x980), (0x11CA8, 0x0), (0x11CA9, 0x900), (0x11CAA, 0x980), (0x11CB1, 0x900), (0x11CB2, 0x980), (0x11CB4, 0x900), (0x11CB5, 0x980),
    (0x11CB7, 0x0), (0x11D00, 0xD11), (0x11D07, 0x0), (0x11D08, 0xD11), (0x11D0A, 0x0), (0x11D0B, 0xD11), (0x11D31, 0x980), (0x11D37, 0x0),
    (0x11D3A, 0x980), (0x11D3B, 0x0), (0x11D3C, 0x980), (0x11D3E, 0x0), (0x11D3F, 0x980), (0x11D46, 0xD11), (0x11D47, 0x980), (0x11D48, 0x0),
    (0x11D50, 0xB07), (0x11D5A, 0x0), (0x11D60, 0xD11), (0x11D66, 0x0), (0x11D67, 0xD11), (0x11D69, 0x0), (0x11D6A, 0xD11), (0x11D8A, 0x900),
    (0x11D8F, 0x0), (0x11D90, 0x980), (0x11D92, 0x0), (0x11D93, 0x900), (0x11D95, 0x980), (0x11D96, 0x900), (0x11D97, 0x980), (0x11D98, 0xD11),
    (0x11D99, 0x0), (0x11DA0, 0xB07), (0x11DAA, 0x0), (0x11EE0, 0xD11), (0x11EF3, 0x980), (0x11EF5, 0x900), (0x11EF7, 0x100), (0x11EF9, 0x0),
    (0x11FB0, 0xD11), (0x11FB1, 0x0), (0x11FC0, 0x301), (0x11FD5, 0x100), (0x11FF2, 0x0), (0x11FFF, 0x100), (0x12000, 0xD11), (0x1239A, 0x0),
    (0x12400, 0xF01), (0x1246F, 0x0), (0x12470, 0x100), (0x12475, 0x0), (0x12480, 0xD11), (0x12544, 0x0), (0x13000, 0xD11), (0x1342F, 0x0),
    (0x13430, 0x80), (0x13439, 0x0), (0x14400, 0xD11), (0x14647, 0x0), (0x16800, 0xD11), (0x16A39, 0x0), (0x16A40, 0xD11), (0x16A5F, 0x0),
    (0x16A60, 0xB07), (0x16A6A, 0x0), (0x16A6E, 0x100), (0x16A70, 0x0), (0x16AD0, 0xD11), (0x16AEE, 0x0), (0x16AF0, 0x980), (0x16AF5, 0x100),
    (0x16AF6, 0x0), (0x16B00, 0xD11), (0x16B30, 0x980), (0x16B37, 0x100), (0x16B40, 0xD91), (0x16B44, 0x100), (0x16B46, 0x0), (0x16B50, 0xB07),
    (0x16B5A, 0x0), (0x16B5B, 0x301), (0x16B62, 0x0), (0x16B63, 0xD11), (0x16B78, 0x0), (0x16B7D, 0xD11), (0x16B90, 0x0), (0x16E40, 0x5D51),
    (0x16E60, 0x2D51), (0x16E80, 0x301), (0x16E97, 0x100), (0x16E9B, 0x0), (0x16F00, 0xD11), (0x16F4B, 0x0), (0x16F4F, 0x980), (0x16F50, 0xD11),
    (0x16F51, 0x900), (0x16F88, 0x0), (0x16F8F, 0x980), (0x16F93, 0xD91), (0x16FA0, 0x0), (0x16FE0, 0xD91), (0x16FE2, 0x100), (0x16FE3, 0xD91),
    (0x16FE4, 0x980), (0x16FE5, 0x0), (0x16FF0, 0x900), (0x16FF2, 0x0), (0x17000, 0xD11), (0x187F8, 0x0), (0x18800, 0xD11), (0x18CD6, 0x0),
    (0x18D00, 0xD11), (0x18D09, 0x0), (0x1B000, 0xD11), (0x1B11F, 0x0), (0x1B150, 0xD11), (0x1B153, 0x0), (0x1B164, 0xD11), (0x1B168, 0x0),
    (0x1B170, 0xD11), (0x1B2FC, 0x0), (0x1BC00, 0xD11), (0x1BC6B, 0x0), (0x1BC70, 0xD11), (0x1BC7D, 0x0), (0x1BC80, 0xD11), (0x1BC89, 0x0),
    (0x1BC90, 0xD11), (0x1BC9A, 0x0), (0x1BC9C, 0x100), (0x1BC9D, 0x980), (0x1BC9F, 0x100), (0x1BCA0, 0x80), (0x1BCA4, 0x0), (0x1D000, 0x100),
    (0x1D0F6, 0x0), (0x1D100, 0x100), (0x1D127, 0x0), (0x1D129, 0x100), (0x1D165, 0x900), (0x1D167, 0x980), (0x1D16A, 0x100), (0x1D16D, 0x900),
    (0x1D173, 0x80), (0x1D17B, 0x980), (0x1D183, 0x100), (0x1D185, 0x980), (0x1D18C, 0x100), (0x1D1AA, 0x980), (0x1D1AE, 0x100), (0x1D1E9, 0x0),
    (0x1D200, 0x100), (0x1D242, 0x980), (0x1D245, 0x100), (0x1D246, 0x0), (0x1D2E0, 0x301), (0x1D2F4, 0x0), (0x1D300, 0x100), (0x1D357, 0x0),
    (0x1D360, 0x301), (0x1D379, 0x0), (0x1D400, 0x5D51), (0x1D41A, 0x2D51), (0x1D434, 0x5D51), (0x1D44E, 0x2D51), (0x1D455, 0x0), (0x1D456, 0x2D51),
    (0x1D468, 0x5D51), (0x1D482, 0x2D51), (0x1D49C, 0x5D51), (0x1D49D, 0x0), (0x1D49E, 0x5D51), (0x1D4A0, 0x0), (0x1D4A2, 0x5D51), (0x1D4A3, 0x0),
    (0x1D4A5, 0x5D51), (0x1D4A7, 0x0), (0x1D4A9, 0x5D51), (0x1D4AD, 0x0), (0x1D4AE, 0x5D51), (0x1D4B6, 0x2D51), (0x1D4BA, 0x0), (0x1D4BB, 0x2D51),
    (0x1D4BC, 0x0), (0x1D4BD, 0x2D51), (0x1D4C4, 0x0), (0x1D4C5, 0x2D51), (0x1D4D0, 0x5D51), (0x1D4EA, 0x2D51), (0x1D504, 0x5D51), (0x1D506, 0x0),
    (0x1D507, 0x5D51), (0x1D50B, 0x0), (0x1D50D, 0x5D51), (0x1D515, 0x0), (0x1D516, 0x5D51), (0x1D51D, 0x0), (0x1D51E, 0x2D51), (0x1D538, 0x5D51),
    (0x1D53A, 0x0), (0x1D53B, 0x5D51), (0x1D53F, 0x0), (0x1D540, 0x5D51), (0x1D545, 0x0), (0x1D546, 0x5D51), (0x1D547, 0x0), (0x1D54A, 0x5D51),
    (0x1D551, 0x0), (0x1D552, 0x2D51), (0x1D56C, 0x5D51), (0x1D586, 0x2D51), (0x1D5A0, 0x5D51), (0x1D5BA, 0x2D51), (0x1D5D4, 0x5D51), (0x1D5EE, 0x2D51),
    (0x1D608, 0x5D51), (0x1D622, 0x2D51), (0x1D63C, 0x5D51), (0x1D656, 0x2D51), (0x1D670, 0x5D51), (0x1D68A, 0x2D51), (0x1D6A6, 0x0), (0x1D6A8, 0x5D51),
    (0x1D6C1, 0x100), (0x1D6C2, 0x2D51), (0x1D6DB, 0x100), (0x1D6DC, 0x2D51), (0x1D6E2, 0x5D51), (0x1D6FB, 0x100), (0x1D6FC, 0x2D51), (0x1D715, 0x100),
    (0x1D716, 0x2D51), (0x1D71C, 0x5D51), (0x1D735, 0x100), (0x1D736, 0x2D51), (0x1D74F, 0x100), (0x1D750, 0x2D51), (0x1D756, 0x5D51), (0x1D76F, 0x100),
    (0x1D770, 0x2D51), (0x1D789, 0x100), (0x1D78A, 0x2D51), (0x1D790, 0x5D51), (0x1D7A9, 0x100), (0x1D7AA, 0x2D51), (0x1D7C3, 0x100), (0x1D7C4, 0x2D51),
    (0x1D7CA, 0x5D51), (0x1D7CB, 0x2D51), (0x1D7CC, 0x0), (0x1D7CE, 0xB07), (0x1D800, 0x100), (0x1DA00, 0x980), (0x1DA37, 0x100), (0x1DA3B, 0x980),
    (0x1DA6D, 0x100), (0x1DA75, 0x980), (0x1DA76, 0x100), (0x1DA84, 0x980), (0x1DA85, 0x100), (0x1DA8C, 0x0), (0x1DA9B, 0x980), (0x1DAA0, 0x0),
    (0x1DAA1, 0x980), (0x1DAB0, 0x0), (0x1E000, 0x980), (0x1E007, 0x0), (0x1E008, 0x980), (0x1E019, 0x0), (0x1E01B, 0x980), (0x1E022, 0x0),
    (0x1E023, 0x980), (0x1E025, 0x0), (0x1E026, 0x980), (0x1E02B, 0x0), (0x1E100, 0xD11), (0x1E12D, 0x0), (0x1E130, 0x980), (0x1E137, 0xD91),
    (0x1E13E, 0x0), (0x1E140, 0xB07), (0x1E14A, 0x0), (0x1E14E, 0xD11), (0x1E14F, 0x100), (0x1E150, 0x0), (0x1E2C0, 0xD11), (0x1E2EC, 0x980),
    (0x1E2F0, 0xB07), (0x1E2FA, 0x0), (0x1E2FF, 0x100), (0x1E300, 0x0), (0x1E800, 0xD11), (0x1E8C5, 0x0), (0x1E8C7, 0x301), (0x1E8D0, 0x980),
    (0x1E8D7, 0x0), (0x1E900, 0x5D51), (0x1E922, 0x2D51), (0x1E944, 0x980), (0x1E94B, 0xD91), (0x1E94C, 0x0), (0x1E950, 0xB07), (0x1E95A, 0x0),
    (0x1E95E, 0x100), (0x1E960, 0x0), (0x1EC71, 0x301), (0x1ECAC, 0x100), (0x1ECAD, 0x301), (0x1ECB0, 0x100), (0x1ECB1, 0x301), (0x1ECB5, 0x0),
    (0x1ED01, 0x301), (0x1ED2E, 0x100), (0x1ED2F, 0x301), (0x1ED3E, 0x0), (0x1EE00, 0xD11), (0x1EE04, 0x0), (0x1EE05, 0xD11), (0x1EE20, 0x0),
    (0x1EE21, 0xD11), (0x1EE23, 0x0), (0x1EE24, 0xD11), (0x1EE25, 0x0), (0x1EE27, 0xD11), (0x1EE28, 0x0), (0x1EE29, 0xD11), (0x1EE33, 0x0),
    (0x1EE34, 0xD11), (0x1EE38, 0x0), (0x1EE39, 0xD11), (0x1EE3A, 0x0), (0x1EE3B, 0xD11), (0x1EE3C, 0x0), (0x1EE42, 0xD11), (0x1EE43, 0x0),
    (0x1EE47, 0xD11), (0x1EE48, 0x0), (0x1EE49, 0xD11), (0x1EE4A, 0x0), (0x1EE4B, 0xD11), (0x1EE4C, 0x0), (0x1EE4D, 0xD11), (0x1EE50, 0x0),
    (0x1EE51, 0xD11), (0x1EE53, 0x0), (0x1EE54, 0xD11), (0x1EE55, 0x0), (0x1EE57, 0xD11), (0x1EE58, 0x0), (0x1EE59, 0xD11), (0x1EE5A, 0x0),
    (0x1EE5B, 0xD11), (0x1EE5C, 0x0), (0x1EE5D, 0xD11), (0x1EE5E, 0x0), (0x1EE5F, 0xD11), (0x1EE60, 0x0), (0x1EE61, 0xD11), (0x1EE63, 0x0),
    (0x1EE64, 0xD11), (0x1EE65, 0x0), (0x1EE67, 0xD11), (0x1EE6B, 0x0), (0x1EE6C, 0xD11), (0x1EE73, 0x0), (0x1EE74, 0xD11), (0x1EE78, 0x0),
    (0x1EE79, 0xD11), (0x1EE7D, 0x0), (0x1EE7E, 0xD11), (0x1EE7F, 0x0), (0x1EE80, 0xD11), (0x1EE8A, 0x0), (0x1EE8B, 0xD11), (0x1EE9C, 0x0),
    (0x1EEA1, 0xD11), (0x1EEA4, 0x0), (0x1EEA5, 0xD11), (0x1EEAA, 0x0), (0x1EEAB, 0xD11), (0x1EEBC, 0x0), (0x1EEF0, 0x100), (0x1EEF2, 0x0),
    (0x1F000, 0x100), (0x1F02C, 0x0), (0x1F030, 0x100), (0x1F094, 0x0), (0x1F0A0, 0x100), (0x1F0AF, 0x0), (0x1F0B1, 0x100), (0x1F0C0, 0x0),
    (0x1F0C1, 0x100), (0x1F0D0, 0x0), (0x1F0D1, 0x100), (0x1F0F6, 0x0), (0x1F100, 0x305), (0x1F10B, 0x301), (0x1F10D, 0x100), (0x1F130, 0x5140),
    (0x1F14A, 0x100), (0x1F150, 0x5140), (0x1F16A, 0x100), (0x1F170, 0x5140), (0x1F18A, 0x100), (0x1F1AE, 0x0), (0x1F1E6, 0x100), (0x1F203, 0x0),
    (0x1F210, 0x100), (0x1F23C, 0x0), (0x1F240, 0x100), (0x1F249, 0x0), (0x1F250, 0x100), (0x1F252, 0x0), (0x1F260, 0x100), (0x1F266, 0x0),
    (0x1F300, 0x100), (0x1F3FB, 0x180), (0x1F400, 0x100), (0x1F6D8, 0x0), (0x1F6E0, 0x100), (0x1F6ED, 0x0), (0x1F6F0, 0x100), (0x1F6FD, 0x0),
    (0x1F700, 0x100), (0x1F774, 0x0), (0x1F780, 0x100), (0x1F7D9, 0x0), (0x1F7E0, 0x100), (0x1F7EC, 0x0), (0x1F800, 0x100), (0x1F80C, 0x0),
    (0x1F810, 0x100), (0x1F848, 0x0), (0x1F850, 0x100), (0x1F85A, 0x0), (0x1F860, 0x100), (0x1F888, 0x0), (0x1F890, 0x100), (0x1F8AE, 0x0),
    (0x1F8B0, 0x100), (0x1F8B2, 0x0), (0x1F900, 0x100), (0x1F979, 0x0), (0x1F97A, 0x100), (0x1F9CC, 0x0), (0x1F9CD, 0x100), (0x1FA54, 0x0),
    (0x1FA60, 0x100), (0x1FA6E, 0x0), (0x1FA70, 0x100), (0x1FA75, 0x0), (0x1FA78, 0x100), (0x1FA7B, 0x0), (0x1FA80, 0x100), (0x1FA87, 0x0),
    (0x1FA90, 0x100), (0x1FAA9, 0x0), (0x1FAB0, 0x100), (0x1FAB7, 0x0), (0x1FAC0, 0x100), (0x1FAC3, 0x0), (0x1FAD0, 0x100), (0x1FAD7, 0x0),
    (0x1FB00, 0x100), (0x1FB93, 0x0), (0x1FB94, 0x100), (0x1FBCB, 0x0), (0x1FBF0, 0xB07), (0x1FBFA, 0x0), (0x20000, 0xD11), (0x20001, 0xF11),
    (0x20002, 0xD11), (0x20064, 0xF11), (0x20065, 0xD11), (0x200E2, 0xF11), (0x200E3, 0xD11), (0x20121, 0xF11), (0x20122, 0xD11), (0x2092A, 0xF11),
    (0x2092B, 0xD11), (0x20983, 0xF11), (0x20984, 0xD11), (0x2098C, 0xF11), (0x2098D, 0xD11), (0x2099C, 0xF11), (0x2099D, 0xD11), (0x20AEA, 0xF11),
    (0x20AEB, 0xD11), (0x20AFD, 0xF11), (0x20AFE, 0xD11), (0x20B19, 0xF11), (0x20B1A, 0xD11), (0x22390, 0xF11), (0x22391, 0xD11), (0x22998, 0xF11),
    (0x22999, 0xD11), (0x23B1B, 0xF11), (0x23B1C, 0xD11), (0x2626D, 0xF11), (0x2626E, 0xD11), (0x2A6DE, 0x0), (0x2A700, 0xD11), (0x2B735, 0x0),
    (0x2B740, 0xD11), (0x2B81E, 0x0), (0x2B820, 0xD11), (0x2CEA2, 0x0), (0x2CEB0, 0xD11), (0x2EBE1, 0x0), (0x2F800, 0xD11), (0x2F890, 0xF11),
    (0x2F891, 0xD11), (0x2FA1E, 0x0), (0x30000, 0xD11), (0x3134B, 0x0), (0xE0001, 0x80), (0xE0002, 0x0), (0xE0020, 0x80), (0xE0080, 0x0),
    (0xE0100, 0x980), (0xE01F0, 0x0),
];

/// sre's simple lowercase (_sre.unicode_tolower) where it is not the character itself.
pub const LOWER: &[(u32, u32)] = &[
    (0x41, 0x61), (0x42, 0x62), (0x43, 0x63), (0x44, 0x64), (0x45, 0x65), (0x46, 0x66), (0x47, 0x67), (0x48, 0x68),
    (0x49, 0x69), (0x4A, 0x6A), (0x4B, 0x6B), (0x4C, 0x6C), (0x4D, 0x6D), (0x4E, 0x6E), (0x4F, 0x6F), (0x50, 0x70),
    (0x51, 0x71), (0x52, 0x72), (0x53, 0x73), (0x54, 0x74), (0x55, 0x75), (0x56, 0x76), (0x57, 0x77), (0x58, 0x78),
    (0x59, 0x79), (0x5A, 0x7A), (0xC0, 0xE0), (0xC1, 0xE1), (0xC2, 0xE2), (0xC3, 0xE3), (0xC4, 0xE4), (0xC5, 0xE5),
    (0xC6, 0xE6), (0xC7, 0xE7), (0xC8, 0xE8), (0xC9, 0xE9), (0xCA, 0xEA), (0xCB, 0xEB), (0xCC, 0xEC), (0xCD, 0xED),
    (0xCE, 0xEE), (0xCF, 0xEF), (0xD0, 0xF0), (0xD1, 0xF1), (0xD2, 0xF2), (0xD3, 0xF3), (0xD4, 0xF4), (0xD5, 0xF5),
    (0xD6, 0xF6), (0xD8, 0xF8), (0xD9, 0xF9), (0xDA, 0xFA), (0xDB, 0xFB), (0xDC, 0xFC), (0xDD, 0xFD), (0xDE, 0xFE),
    (0x100, 0x101), (0x102, 0x103), (0x104, 0x105), (0x106, 0x107), (0x108, 0x109), (0x10A, 0x10B), (0x10C, 0x10D), (0x10E, 0x10F),
    (0x110, 0x111), (0x112, 0x113), (0x114, 0x115), (0x116, 0x117), (0x118, 0x119), (0x11A, 0x11B), (0x11C, 0x11D), (0x11E, 0x11F),
    (0x120, 0x121), (0x122, 0x123), (0x124, 0x125), (0x126, 0x127), (0x128, 0x129), (0x12A, 0x12B), (0x12C, 0x12D), (0x12E, 0x12F),
    (0x130, 0x69), (0x132, 0x133), (0x134, 0x135), (0x136, 0x137), (0x139, 0x13A), (0x13B, 0x13C), (0x13D, 0x13E), (0x13F, 0x140),
    (0x141, 0x142), (0x143, 0x144), (0x145, 0x146), (0x147, 0x148), (0x14A, 0x14B), (0x14C, 0x14D), (0x14E, 0x14F), (0x150, 0x151),
    (0x152, 0x153), (0x154, 0x155), (0x156, 0x157), (0x158, 0x159), (0x15A, 0x15B), (0x15C, 0x15D), (0x15E, 0x15F), (0x160, 0x161),
    (0x162, 0x163), (0x164, 0x165), (0x166, 0x167), (0x168, 0x169), (0x16A, 0x16B), (0x16C, 0x16D), (0x16E, 0x16F), (0x170, 0x171),
    (0x172, 0x173), (0x174, 0x175), (0x176, 0x177), (0x178, 0xFF), (0x179, 0x17A), (0x17B, 0x17C), (0x17D, 0x17E), (0x181, 0x253),
    (0x182, 0x183), (0x184, 0x185), (0x186, 0x254), (0x187, 0x188), (0x189, 0x256), (0x18A, 0x257), (0x18B, 0x18C), (0x18E, 0x1DD),
    (0x18F, 0x259), (0x190, 0x25B), (0x191, 0x192), (0x193, 0x260), (0x194, 0x263), (0x196, 0x269), (0x197, 0x268), (0x198, 0x199),
    (0x19C, 0x26F), (0x19D, 0x272), (0x19F, 0x275), (0x1A0, 0x1A1), (0x1A2, 0x1A3), (0x1A4, 0x1A5), (0x1A6, 0x280), (0x1A7, 0x1A8),
    (0x1A9, 0x283), (0x1AC, 0x1AD), (0x1AE, 0x288), (0x1AF, 0x1B0), (0x1B1, 0x28A), (0x1B2, 0x28B), (0x1B3, 0x1B4), (0x1B5, 0x1B6),
    (0x1B7, 0x292), (0x1B8, 0x1B9), (0x1BC, 0x1BD), (0x1C4, 0x1C6), (0x1C5, 0x1C6), (0x1C7, 0x1C9), (0x1C8, 0x1C9), (0x1CA, 0x1CC),
    (0x1CB, 0x1CC), (0x1CD, 0x1CE), (0x1CF, 0x1D0), (0x1D1, 0x1D2), (0x1D3, 0x1D4), (0x1D5, 0x1D6), (0x1D7, 0x1D8), (0x1D9, 0x1DA),
    (0x1DB, 0x1DC), (0x1DE, 0x1DF), (0x1E0, 0x1E1), (0x1E2, 0x1E3), (0x1E4, 0x1E5), (0x1E6, 0x1E7), (0x1E8, 0x1E9), (0x1EA, 0x1EB),
    (0x1EC, 0x1ED), (0x1EE, 0x1EF), (0x1F1, 0x1F3), (0x1F2, 0x1F3), (0x1F4, 0x1F5), (0x1F6, 0x195), (0x1F7, 0x1BF), (0x1F8, 0x1F9),
    (0x1FA, 0x1FB), (0x1FC, 0x1FD), (0x1FE, 0x1FF), (0x200, 0x201), (0x202, 0x203), (0x204, 0x205), (0x206, 0x207), (0x208, 0x209),
    (0x20A, 0x20B), (0x20C, 0x20D), (0x20E, 0x20F), (0x210, 0x211), (0x212, 0x213), (0x214, 0x215), (0x216, 0x217), (0x218, 0x219),
    (0x21A, 0x21B), (0x21C, 0x21D), (0x21E, 0x21F), (0x220, 0x19E), (0x222, 0x223), (0x224, 0x225), (0x226, 0x227), (0x228, 0x229),
    (0x22A, 0x22B), (0x22C, 0x22D), (0x22E, 0x22F), (0x230, 0x231), (0x232, 0x233), (0x23A, 0x2C65), (0x23B, 0x23C), (0x23D, 0x19A),
    (0x23E, 0x2C66), (0x241, 0x242), (0x243, 0x180), (0x244, 0x289), (0x245, 0x28C), (0x246, 0x247), (0x248, 0x249), (0x24A, 0x24B),
    (0x24C, 0x24D), (0x24E, 0x24F), (0x370, 0x371), (0x372, 0x373), (0x376, 0x377), (0x37F, 0x3F3), (0x386, 0x3AC), (0x388, 0x3AD),
    (0x389, 0x3AE), (0x38A, 0x3AF), (0x38C, 0x3CC), (0x38E, 0x3CD), (0x38F, 0x3CE), (0x391, 0x3B1), (0x392, 0x3B2), (0x393, 0x3B3),
    (0x394, 0x3B4), (0x395, 0x3B5), (0x396, 0x3B6), (0x397, 0x3B7), (0x398, 0x3B8), (0x399, 0x3B9), (0x39A, 0x3BA), (0x39B, 0x3BB),
    (0x39C, 0x3BC), (0x39D, 0x3BD), (0x39E, 0x3BE), (0x39F, 0x3BF), (0x3A0, 0x3C0), (0x3A1, 0x3C1), (0x3A3, 0x3C3), (0x3A4, 0x3C4),
    (0x3A5, 0x3C5), (0x3A6, 0x3C6), (0x3A7, 0x3C7), (0x3A8, 0x3C8), (0x3A9, 0x3C9), (0x3AA, 0x3CA), (0x3AB, 0x3CB), (0x3CF, 0x3D7),
    (0x3D8, 0x3D9), (0x3DA, 0x3DB), (0x3DC, 0x3DD), (0x3DE, 0x3DF), (0x3E0, 0x3E1), (0x3E2, 0x3E3), (0x3E4, 0x3E5), (0x3E6, 0x3E7),
    (0x3E8, 0x3E9), (0x3EA, 0x3EB), (0x3EC, 0x3ED), (0x3EE, 0x3EF), (0x3F4, 0x3B8), (0x3F7, 0x3F8), (0x3F9, 0x3F2), (0x3FA, 0x3FB),
    (0x3FD, 0x37B), (0x3FE, 0x37C), (0x3FF, 0x37D), (0x400, 0x450), (0x401, 0x451), (0x402, 0x452), (0x403, 0x453), (0x404, 0x454),
    (0x405, 0x455), (0x406, 0x456), (0x407, 0x457), (0x408, 0x458), (0x409, 0x459), (0x40A, 0x45A), (0x40B, 0x45B), (0x40C, 0x45C),
    (0x40D, 0x45D), (0x40E, 0x45E), (0x40F, 0x45F), (0x410, 0x430), (0x411, 0x431), (0x412, 0x432), (0x413, 0x433), (0x414, 0x434),
    (0x415, 0x435), (0x416, 0x436), (0x417, 0x437), (0x418, 0x438), (0x419, 0x439), (0x41A, 0x43A), (0x41B, 0x43B), (0x41C, 0x43C),
    (0x41D, 0x43D), (0x41E, 0x43E), (0x41F, 0x43F), (0x420, 0x440), (0x421, 0x441), (0x422, 0x442), (0x423, 0x443), (0x424, 0x444),
    (0x425, 0x445), (0x426, 0x446), (0x427, 0x447), (0x428, 0x448), (0x429, 0x449), (0x42A, 0x44A), (0x42B, 0x44B), (0x42C, 0x44C),
    (0x42D, 0x44D), (0x42E, 0x44E), (0x42F, 0x44F), (0x460, 0x461), (0x462, 0x463), (0x464, 0x465), (0x466, 0x467), (0x468, 0x469),
    (0x46A, 0x46B), (0x46C, 0x46D), (0x46E, 0x46F), (0x470, 0x471), (0x472, 0x473), (0x474, 0x475), (0x476, 0x477), (0x478, 0x479),
    (0x47A, 0x47B), (0x47C, 0x47D), (0x47E, 0x47F), (0x480, 0x481), (0x48A, 0x48B), (0x48C, 0x48D), (0x48E, 0x48F), (0x490, 0x491),
    (0x492, 0x493), (0x494, 0x495), (0x496, 0x497), (0x498, 0x499), (0x49A, 0x49B), (0x49C, 0x49D), (0x49E, 0x49F), (0x4A0, 0x4A1),
    (0x4A2, 0x4A3), (0x4A4, 0x4A5), (0x4A6, 0x4A7), (0x4A8, 0x4A9), (0x4AA, 0x4AB), (0x4AC, 0x4AD), (0x4AE, 0x4AF), (0x4B0, 0x4B1),
    (0x4B2, 0x4B3), (0x4B4, 0x4B5), (0x4B6, 0x4B7), (0x4B8, 0x4B9), (0x4BA, 0x4BB), (0x4BC, 0x4BD), (0x4BE, 0x4BF), (0x4C0, 0x4CF),
    (0x4C1, 0x4C2), (0x4C3, 0x4C4), (0x4C5, 0x4C6), (0x4C7, 0x4C8), (0x4C9, 0x4CA), (0x4CB, 0x4CC), (0x4CD, 0x4CE), (0x4D0, 0x4D1),
    (0x4D2, 0x4D3), (0x4D4, 0x4D5), (0x4D6, 0x4D7), (0x4D8, 0x4D9), (0x4DA, 0x4DB), (0x4DC, 0x4DD), (0x4DE, 0x4DF), (0x4E0, 0x4E1),
    (0x4E2, 0x4E3), (0x4E4, 0x4E5), (0x4E6, 0x4E7), (0x4E8, 0x4E9), (0x4EA, 0x4EB), (0x4EC, 0x4ED), (0x4EE, 0x4EF), (0x4F0, 0x4F1),
    (0x4F2, 0x4F3), (0x4F4, 0x4F5), (0x4F6, 0x4F7), (0x4F8, 0x4F9), (0x4FA, 0x4FB), (0x4FC, 0x4FD), (0x4FE, 0x4FF), (0x500, 0x501),
    (0x502, 0x503), (0x504, 0x505), (0x506, 0x507), (0x508, 0x509), (0x50A, 0x50B), (0x50C, 0x50D), (0x50E, 0x50F), (0x510, 0x511),
    (0x512, 0x513), (0x514, 0x515), (0x516, 0x517), (0x518, 0x519), (0x51A, 0x51B), (0x51C, 0x51D), (0x51E, 0x51F), (0x520, 0x521),
    (0x522, 0x523), (0x524, 0x525), (0x526, 0x527), (0x528, 0x529), (0x52A, 0x52B), (0x52C, 0x52D), (0x52E, 0x52F), (0x531, 0x561),
    (0x532, 0x562), (0x533, 0x563), (0x534, 0x564), (0x535, 0x565), (0x536, 0x566), (0x537, 0x567), (0x538, 0x568), (0x539, 0x569),
    (0x53A, 0x56A), (0x53B, 0x56B), (0x53C, 0x56C), (0x53D, 0x56D), (0x53E, 0x56E), (0x53F, 0x56F), (0x540, 0x570), (0x541, 0x571),
    (0x542, 0x572), (0x543, 0x573), (0x544, 0x574), (0x545, 0x575), (0x546, 0x576), (0x547, 0x577), (0x548, 0x578), (0x549, 0x579),
    (0x54A, 0x57A), (0x54B, 0x57B), (0x54C, 0x57C), (0x54D, 0x57D), (0x54E, 0x57E), (0x54F, 0x57F), (0x550, 0x580), (0x551, 0x581),
    (0x552, 0x582), (0x553, 0x583), (0x554, 0x584), (0x555, 0x585), (0x556, 0x586), (0x10A0, 0x2D00), (0x10A1, 0x2D01), (0x10A2, 0x2D02),
    (0x10A3, 0x2D03), (0x10A4, 0x2D04), (0x10A5, 0x2D05), (0x10A6, 0x2D06), (0x10A7, 0x2D07), (0x10A8, 0x2D08), (0x10A9, 0x2D09), (0x10AA, 0x2D0A),
    (0x10AB, 0x2D0B), (0x10AC, 0x2D0C), (0x10AD, 0x2D0D), (0x10AE, 0x2D0E), (0x10AF, 0x2D0F), (0x10B0, 0x2D10), (0x10B1, 0x2D11), (0x10B2, 0x2D12),
    (0x10B3, 0x2D13), (0x10B4, 0x2D14), (0x10B5, 0x2D15), (0x10B6, 0x2D16), (0x10B7, 0x2D17), (0x10B8, 0x2D18), (0x10B9, 0x2D19), (0x10BA, 0x2D1A),
    (0x10BB, 0x2D1B), (0x10BC, 0x2D1C), (0x10BD, 0x2D1D), (0x10BE, 0x2D1E), (0x10BF, 0x2D1F), (0x10C0, 0x2D20), (0x10C1, 0x2D21), (0x10C2, 0x2D22),
    (0x10C3, 0x2D23), (0x10C4, 0x2D24), (0x10C5, 0x2D25), (0x10C7, 0x2D27), (0x10CD, 0x2D2D), (0x13A0, 0xAB70), (0x13A1, 0xAB71), (0x13A2, 0xAB72),
    (0x13A3, 0xAB73), (0x13A4, 0xAB74), (0x13A5, 0xAB75), (0x13A6, 0xAB76), (0x13A7, 0xAB77), (0x13A8, 0xAB78), (0x13A9, 0xAB79), (0x13AA, 0xAB7A),
    (0x13AB, 0xAB7B), (0x13AC, 0xAB7C), (0x13AD, 0xAB7D), (0x13AE, 0xAB7E), (0x13AF, 0xAB7F), (0x13B0, 0xAB80), (0x13B1, 0xAB81), (0x13B2, 0xAB82),
    (0x13B3, 0xAB83), (0x13B4, 0xAB84), (0x13B5, 0xAB85), (0x13B6, 0xAB86), (0x13B7, 0xAB87), (0x13B8, 0xAB88), (0x13B9, 0xAB89), (0x13BA, 0xAB8A),
    (0x13BB, 0xAB8B), (0x13BC, 0xAB8C), (0x13BD, 0xAB8D), (0x13BE, 0xAB8E), (0x13BF, 0xAB8F), (0x13C0, 0xAB90), (0x13C1, 0xAB91), (0x13C2, 0xAB92),
    (0x13C3, 0xAB93), (0x13C4, 0xAB94), (0x13C5, 0xAB95), (0x13C6, 0xAB96), (0x13C7, 0xAB97), (0x13C8, 0xAB98), (0x13C9, 0xAB99), (0x13CA, 0xAB9A),
    (0x13CB, 0xAB9B), (0x13CC, 0xAB9C), (0x13CD, 0xAB9D), (0x13CE, 0xAB9E), (0x13CF, 0xAB9F), (0x13D0, 0xABA0), (0x13D1, 0xABA1), (0x13D2, 0xABA2),
    (0x13D3, 0xABA3), (0x13D4, 0xABA4), (0x13D5, 0xABA5), (0x13D6, 0xABA6), (0x13D7, 0xABA7), (0x13D8, 0xABA8), (0x13D9, 0xABA9), (0x13DA, 0xABAA),
    (0x13DB, 0xABAB), (0x13DC, 0xABAC), (0x13DD, 0xABAD), (0x13DE, 0xABAE), (0x13DF, 0xABAF), (0x13E0, 0xABB0), (0x13E1, 0xABB1), (0x13E2, 0xABB2),
    (0x13E3, 0xABB3), (0x13E4, 0xABB4), (0x13E5, 0xABB5), (0x13E6, 0xABB6), (0x13E7, 0xABB7), (0x13E8, 0xABB8), (0x13E9, 0xABB9), (0x13EA, 0xABBA),
    (0x13EB, 0xABBB), (0x13EC, 0xABBC), (0x13ED, 0xABBD), (0x13EE, 0xABBE), (0x13EF, 0xABBF), (0x13F0, 0x13F8), (0x13F1, 0x13F9), (0x13F2, 0x13FA),
    (0x13F3, 0x13FB), (0x13F4, 0x13FC), (0x13F5, 0x13FD), (0x1C90, 0x10D0), (0x1C91, 0x10D1), (0x1C92, 0x10D2), (0x1C93, 0x10D3), (0x1C94, 0x10D4),
    (0x1C95, 0x10D5), (0x1C96, 0x10D6), (0x1C97, 0x10D7), (0x1C98, 0x10D8), (0x1C99, 0x10D9), (0x1C9A, 0x10DA), (0x1C9B, 0x10DB), (0x1C9C, 0x10DC),
    (0x1C9D, 0x10DD), (0x1C9E, 0x10DE), (0x1C9F, 0x10DF), (0x1CA0, 0x10E0), (0x1CA1, 0x10E1), (0x1CA2, 0x10E2), (0x1CA3, 0x10E3), (0x1CA4, 0x10E4),
    (0x1CA5, 0x10E5), (0x1CA6, 0x10E6), (0x1CA7, 0x10E7), (0x1CA8, 0x10E8), (0x1CA9, 0x10E9), (0x1CAA, 0x10EA), (0x1CAB, 0x10EB), (0x1CAC, 0x10EC),
    (0x1CAD, 0x10ED), (0x1CAE, 0x10EE), (0x1CAF, 0x10EF), (0x1CB0, 0x10F0), (0x1CB1, 0x10F1), (0x1CB2, 0x10F2), (0x1CB3, 0x10F3), (0x1CB4, 0x10F4),
    (0x1CB5, 0x10F5), (0x1CB6, 0x10F6), (0x1CB7, 0x10F7), (0x1CB8, 0x10F8), (0x1CB9, 0x10F9), (0x1CBA, 0x10FA), (0x1CBD, 0x10FD), (0x1CBE, 0x10FE),
    (0x1CBF, 0x10FF), (0x1E00, 0x1E01), (0x1E02, 0x1E03), (0x1E04, 0x1E05), (0x1E06, 0x1E07), (0x1E08, 0x1E09), (0x1E0A, 0x1E0B), (0x1E0C, 0x1E0D),
    (0x1E0E, 0x1E0F), (0x1E10, 0x1E11), (0x1E12, 0x1E13), (0x1E14, 0x1E15), (0x1E16, 0x1E17), (0x1E18, 0x1E19), (0x1E1A, 0x1E1B), (0x1E1C, 0x1E1D),
    (0x1E1E, 0x1E1F), (0x1E20, 0x1E21), (0x1E22, 0x1E23), (0x1E24, 0x1E25), (0x1E26, 0x1E27), (0x1E28, 0x1E29), (0x1E2A, 0x1E2B), (0x1E2C, 0x1E2D),
    (0x1E2E, 0x1E2F), (0x1E30, 0x1E31), (0x1E32, 0x1E33), (0x1E34, 0x1E35), (0x1E36, 0x1E37), (0x1E38, 0x1E39), (0x1E3A, 0x1E3B), (0x1E3C, 0x1E3D),
    (0x1E3E, 0x1E3F), (0x1E40, 0x1E41), (0x1E42, 0x1E43), (0x1E44, 0x1E45), (0x1E46, 0x1E47), (0x1E48, 0x1E49), (0x1E4A, 0x1E4B), (0x1E4C, 0x1E4D),
    (0x1E4E, 0x1E4F), (0x1E50, 0x1E51), (0x1E52, 0x1E53), (0x1E54, 0x1E55), (0x1E56, 0x1E57), (0x1E58, 0x1E59), (0x1E5A, 0x1E5B), (0x1E5C, 0x1E5D),
    (0x1E5E, 0x1E5F), (0x1E60, 0x1E61), (0x1E62, 0x1E63), (0x1E64, 0x1E65), (0x1E66, 0x1E67), (0x1E68, 0x1E69), (0x1E6A, 0x1E6B), (0x1E6C, 0x1E6D),
    (0x1E6E, 0x1E6F), (0x1E70, 0x1E71), (0x1E72, 0x1E73), (0x1E74, 0x1E75), (0x1E76, 0x1E77), (0x1E78, 0x1E79), (0x1E7A, 0x1E7B), (0x1E7C, 0x1E7D),
    (0x1E7E, 0x1E7F), (0x1E80, 0x1E81), (0x1E82, 0x1E83), (0x1E84, 0x1E85), (0x1E86, 0x1E87), (0x1E88, 0x1E89), (0x1E8A, 0x1E8B), (0x1E8C, 0x1E8D),
    (0x1E8E, 0x1E8F), (0x1E90, 0x1E91), (0x1E92, 0x1E93), (0x1E94, 0x1E95), (0x1E9E, 0xDF), (0x1EA0, 0x1EA1), (0x1EA2, 0x1EA3), (0x1EA4, 0x1EA5),
    (0x1EA6, 0x1EA7), (0x1EA8, 0x1EA9), (0x1EAA, 0x1EAB), (0x1EAC, 0x1EAD), (0x1EAE, 0x1EAF), (0x1EB0, 0x1EB1), (0x1EB2, 0x1EB3), (0x1EB4, 0x1EB5),
    (0x1EB6, 0x1EB7), (0x1EB8, 0x1EB9), (0x1EBA, 0x1EBB), (0x1EBC, 0x1EBD), (0x1EBE, 0x1EBF), (0x1EC0, 0x1EC1), (0x1EC2, 0x1EC3), (0x1EC4, 0x1EC5),
    (0x1EC6, 0x1EC7), (0x1EC8, 0x1EC9), (0x1ECA, 0x1ECB), (0x1ECC, 0x1ECD), (0x1ECE, 0x1ECF), (0x1ED0, 0x1ED1), (0x1ED2, 0x1ED3), (0x1ED4, 0x1ED5),
    (0x1ED6, 0x1ED7), (0x1ED8, 0x1ED9), (0x1EDA, 0x1EDB), (0x1EDC, 0x1EDD), (0x1EDE, 0x1EDF), (0x1EE0, 0x1EE1), (0x1EE2, 0x1EE3), (0x1EE4, 0x1EE5),
    (0x1EE6, 0x1EE7), (0x1EE8, 0x1EE9), (0x1EEA, 0x1EEB), (0x1EEC, 0x1EED), (0x1EEE, 0x1EEF), (0x1EF0, 0x1EF1), (0x1EF2, 0x1EF3), (0x1EF4, 0x1EF5),
    (0x1EF6, 0x1EF7), (0x1EF8, 0x1EF9), (0x1EFA, 0x1EFB), (0x1EFC, 0x1EFD), (0x1EFE, 0x1EFF), (0x1F08, 0x1F00), (0x1F09, 0x1F01), (0x1F0A, 0x1F02),
    (0x1F0B, 0x1F03), (0x1F0C, 0x1F04), (0x1F0D, 0x1F05), (0x1F0E, 0x1F06), (0x1F0F, 0x1F07), (0x1F18, 0x1F10), (0x1F19, 0x1F11), (0x1F1A, 0x1F12),
    (0x1F1B, 0x1F13), (0x1F1C, 0x1F14), (0x1F1D, 0x1F15), (0x1F28, 0x1F20), (0x1F29, 0x1F21), (0x1F2A, 0x1F22), (0x1F2B, 0x1F23), (0x1F2C, 0x1F24),
    (0x1F2D, 0x1F25), (0x1F2E, 0x1F26), (0x1F2F, 0x1F27), (0x1F38, 0x1F30), (0x1F39, 0x1F31), (0x1F3A, 0x1F32), (0x1F3B, 0x1F33), (0x1F3C, 0x1F34),
    (0x1F3D, 0x1F35), (0x1F3E, 0x1F36), (0x1F3F, 0x1F37), (0x1F48, 0x1F40), (0x1F49, 0x1F41), (0x1F4A, 0x1F42), (0x1F4B, 0x1F43), (0x1F4C, 0x1F44),
    (0x1F4D, 0x1F45), (0x1F59, 0x1F51), (0x1F5B, 0x1F53), (0x1F5D, 0x1F55), (0x1F5F, 0x1F57), (0x1F68, 0x1F60), (0x1F69, 0x1F61), (0x1F6A, 0x1F62),
    (0x1F6B, 0x1F63), (0x1F6C, 0x1F64), (0x1F6D, 0x1F65), (0x1F6E, 0x1F66), (0x1F6F, 0x1F67), (0x1F88, 0x1F80), (0x1F89, 0x1F81), (0x1F8A, 0x1F82),
    (0x1F8B, 0x1F83), (0x1F8C, 0x1F84), (0x1F8D, 0x1F85), (0x1F8E, 0x1F86), (0x1F8F, 0x1F87), (0x1F98, 0x1F90), (0x1F99, 0x1F91), (0x1F9A, 0x1F92),
    (0x1F9B, 0x1F93), (0x1F9C, 0x1F94), (0x1F9D, 0x1F95), (0x1F9E, 0x1F96), (0x1F9F, 0x1F97), (0x1FA8, 0x1FA0), (0x1FA9, 0x1FA1), (0x1FAA, 0x1FA2),
    (0x1FAB, 0x1FA3), (0x1FAC, 0x1FA4), (0x1FAD, 0x1FA5), (0x1FAE, 0x1FA6), (0x1FAF, 0x1FA7), (0x1FB8, 0x1FB0), (0x1FB9, 0x1FB1), (0x1FBA, 0x1F70),
    (0x1FBB, 0x1F71), (0x1FBC, 0x1FB3), (0x1FC8, 0x1F72), (0x1FC9, 0x1F73), (0x1FCA, 0x1F74), (0x1FCB, 0x1F75), (0x1FCC, 0x1FC3), (0x1FD8, 0x1FD0),
    (0x1FD9, 0x1FD1), (0x1FDA, 0x1F76), (0x1FDB, 0x1F77), (0x1FE8, 0x1FE0), (0x1FE9, 0x1FE1), (0x1FEA, 0x1F7A), (0x1FEB, 0x1F7B), (0x1FEC, 0x1FE5),
    (0x1FF8, 0x1F78), (0x1FF9, 0x1F79), (0x1FFA, 0x1F7C), (0x1FFB, 0x1F7D), (0x1FFC, 0x1FF3), (0x2126, 0x3C9), (0x212A, 0x6B), (0x212B, 0xE5),
    (0x2132, 0x214E), (0x2160, 0x2170), (0x2161, 0x2171), (0x2162, 0x2172), (0x2163, 0x2173), (0x2164, 0x2174), (0x2165, 0x2175), (0x2166, 0x2176),
    (0x2167, 0x2177), (0x2168, 0x2178), (0x2169, 0x2179), (0x216A, 0x217A), (0x216B, 0x217B), (0x216C, 0x217C), (0x216D, 0x217D), (0x216E, 0x217E),
    (0x216F, 0x217F), (0x2183, 0x2184), (0x24B6, 0x24D0), (0x24B7, 0x24D1), (0x24B8, 0x24D2), (0x24B9, 0x24D3), (0x24BA, 0x24D4), (0x24BB, 0x24D5),
    (0x24BC, 0x24D6), (0x24BD, 0x24D7), (0x24BE, 0x24D8), (0x24BF, 0x24D9), (0x24C0, 0x24DA), (0x24C1, 0x24DB), (0x24C2, 0x24DC), (0x24C3, 0x24DD),
    (0x24C4, 0x24DE), (0x24C5, 0x24DF), (0x24C6, 0x24E0), (0x24C7, 0x24E1), (0x24C8, 0x24E2), (0x24C9, 0x24E3), (0x24CA, 0x24E4), (0x24CB, 0x24E5),
    (0x24CC, 0x24E6), (0x24CD, 0x24E7), (0x24CE, 0x24E8), (0x24CF, 0x24E9), (0x2C00, 0x2C30), (0x2C01, 0x2C31), (0x2C02, 0x2C32), (0x2C03, 0x2C33),
    (0x2C04, 0x2C34), (0x2C05, 0x2C35), (0x2C06, 0x2C36), (0x2C07, 0x2C37), (0x2C08, 0x2C38), (0x2C09, 0x2C39), (0x2C0A, 0x2C3A), (0x2C0B, 0x2C3B),
    (0x2C0C, 0x2C3C), (0x2C0D, 0x2C3D), (0x2C0E, 0x2C3E), (0x2C0F, 0x2C3F), (0x2C10, 0x2C40), (0x2C11, 0x2C41), (0x2C12, 0x2C42), (0x2C13, 0x2C43),
    (0x2C14, 0x2C44), (0x2C15, 0x2C45), (0x2C16, 0x2C46), (0x2C17, 0x2C47), (0x2C18, 0x2C48), (0x2C19, 0x2C49), (0x2C1A, 0x2C4A), (0x2C1B, 0x2C4B),
    (0x2C1C, 0x2C4C), (0x2C1D, 0x2C4D), (0x2C1E, 0x2C4E), (0x2C1F, 0x2C4F), (0x2C20, 0x2C50), (0x2C21, 0x2C51), (0x2C22, 0x2C52), (0x2C23, 0x2C53),
    (0x2C24, 0x2C54), (0x2C25, 0x2C55), (0x2C26, 0x2C56), (0x2C27, 0x2C57), (0x2C28, 0x2C58), (0x2C29, 0x2C59), (0x2C2A, 0x2C5A), (0x2C2B, 0x2C5B),
    (0x2C2C, 0x2C5C), (0x2C2D, 0x2C5D), (0x2C2E, 0x2C5E), (0x2C60, 0x2C61), (0x2C62, 0x26B), (0x2C63, 0x1D7D), (0x2C64, 0x27D), (0x2C67, 0x2C68),
    (0x2C69, 0x2C6A), (0x2C6B, 0x2C6C), (0x2C6D, 0x251), (0x2C6E, 0x271), (0x2C6F, 0x250), (0x2C70, 0x252), (0x2C72, 0x2C73), (0x2C75, 0x2C76),
    (0x2C7E, 0x23F), (0x2C7F, 0x240), (0x2C80, 0x2C81), (0x2C82, 0x2C83), (0x2C84, 0x2C85), (0x2C86, 0x2C87), (0x2C88, 0x2C89), (0x2C8A, 0x2C8B),
    (0x2C8C, 0x2C8D), (0x2C8E, 0x2C8F), (0x2C90, 0x2C91), (0x2C92, 0x2C93), (0x2C94, 0x2C95), (0x2C96, 0x2C97), (0x2C98, 0x2C99), (0x2C9A, 0x2C9B),
    (0x2C9C, 0x2C9D), (0x2C9E, 0x2C9F), (0x2CA0, 0x2CA1), (0x2CA2, 0x2CA3), (0x2CA4, 0x2CA5), (0x2CA6, 0x2CA7), (0x2CA8, 0x2CA9), (0x2CAA, 0x2CAB),
    (0x2CAC, 0x2CAD), (0x2CAE, 0x2CAF), (0x2CB0, 0x2CB1), (0x2CB2, 0x2CB3), (0x2CB4, 0x2CB5), (0x2CB6, 0x2CB7), (0x2CB8, 0x2CB9), (0x2CBA, 0x2CBB),
    (0x2CBC, 0x2CBD), (0x2CBE, 0x2CBF), (0x2CC0, 0x2CC1), (0x2CC2, 0x2CC3), (0x2CC4, 0x2CC5), (0x2CC6, 0x2CC7), (0x2CC8, 0x2CC9), (0x2CCA, 0x2CCB),
    (0x2CCC, 0x2CCD), (0x2CCE, 0x2CCF), (0x2CD0, 0x2CD1), (0x2CD2, 0x2CD3), (0x2CD4, 0x2CD5), (0x2CD6, 0x2CD7), (0x2CD8, 0x2CD9), (0x2CDA, 0x2CDB),
    (0x2CDC, 0x2CDD), (0x2CDE, 0x2CDF), (0x2CE0, 0x2CE1), (0x2CE2, 0x2CE3), (0x2CEB, 0x2CEC), (0x2CED, 0x2CEE), (0x2CF2, 0x2CF3), (0xA640, 0xA641),
    (0xA642, 0xA643), (0xA644, 0xA645), (0xA646, 0xA647), (0xA648, 0xA649), (0xA64A, 0xA64B), (0xA64C, 0xA64D), (0xA64E, 0xA64F), (0xA650, 0xA651),
    (0xA652, 0xA653), (0xA654, 0xA655), (0xA656, 0xA657), (0xA658, 0xA659), (0xA65A, 0xA65B), (0xA65C, 0xA65D), (0xA65E, 0xA65F), (0xA660, 0xA661),
    (0xA662, 0xA663), (0xA664, 0xA665), (0xA666, 0xA667), (0xA668, 0xA669), (0xA66A, 0xA66B), (0xA66C, 0xA66D), (0xA680, 0xA681), (0xA682, 0xA683),
    (0xA684, 0xA685), (0xA686, 0xA687), (0xA688, 0xA689), (0xA68A, 0xA68B), (0xA68C, 0xA68D), (0xA68E, 0xA68F), (0xA690, 0xA691), (0xA692, 0xA693),
    (0xA694, 0xA695), (0xA696, 0xA697), (0xA698, 0xA699), (0xA69A, 0xA69B), (0xA722, 0xA723), (0xA724, 0xA725), (0xA726, 0xA727), (0xA728, 0xA729),
    (0xA72A, 0xA72B), (0xA72C, 0xA72D), (0xA72E, 0xA72F), (0xA732, 0xA733), (0xA734, 0xA735), (0xA736, 0xA737), (0xA738, 0xA739), (0xA73A, 0xA73B),
    (0xA73C, 0xA73D), (0xA73E, 0xA73F), (0xA740, 0xA741), (0xA742, 0xA743), (0xA744, 0xA745), (0xA746, 0xA747), (0xA748, 0xA749), (0xA74A, 0xA74B),
    (0xA74C, 0xA74D), (0xA74E, 0xA74F), (0xA750, 0xA751), (0xA752, 0xA753), (0xA754, 0xA755), (0xA756, 0xA757), (0xA758, 0xA759), (0xA75A, 0xA75B),
    (0xA75C, 0xA75D), (0xA75E, 0xA75F), (0xA760, 0xA761), (0xA762, 0xA763), (0xA764, 0xA765), (0xA766, 0xA767), (0xA768, 0xA769), (0xA76A, 0xA76B),
    (0xA76C, 0xA76D), (0xA76E, 0xA76F), (0xA779, 0xA77A), (0xA77B, 0xA77C), (0xA77D, 0x1D79), (0xA77E, 0xA77F), (0xA780, 0xA781), (0xA782, 0xA783),
    (0xA784, 0xA785), (0xA786, 0xA787), (0xA78B, 0xA78C), (0xA78D, 0x265), (0xA790, 0xA791), (0xA792, 0xA793), (0xA796, 0xA797), (0xA798, 0xA799),
    (0xA79A, 0xA79B), (0xA79C, 0xA79D), (0xA79E, 0xA79F), (0xA7A0, 0xA7A1), (0xA7A2, 0xA7A3), (0xA7A4, 0xA7A5), (0xA7A6, 0xA7A7), (0xA7A8, 0xA7A9),
    (0xA7AA, 0x266), (0xA7AB, 0x25C), (0xA7AC, 0x261), (0xA7AD, 0x26C), (0xA7AE, 0x26A), (0xA7B0, 0x29E), (0xA7B1, 0x287), (0xA7B2, 0x29D),
    (0xA7B3, 0xAB53), (0xA7B4, 0xA7B5), (0xA7B6, 0xA7B7), (0xA7B8, 0xA7B9), (0xA7BA, 0xA7BB), (0xA7BC, 0xA7BD), (0xA7BE, 0xA7BF), (0xA7C2, 0xA7C3),
    (0xA7C4, 0xA794), (0xA7C5, 0x282), (0xA7C6, 0x1D8E), (0xA7C7, 0xA7C8), (0xA7C9, 0xA7CA), (0xA7F5, 0xA7F6), (0xFF21, 0xFF41), (0xFF22, 0xFF42),
    (0xFF23, 0xFF43), (0xFF24, 0xFF44), (0xFF25, 0xFF45), (0xFF26, 0xFF46), (0xFF27, 0xFF47), (0xFF28, 0xFF48), (0xFF29, 0xFF49), (0xFF2A, 0xFF4A),
    (0xFF2B, 0xFF4B), (0xFF2C, 0xFF4C), (0xFF2D, 0xFF4D), (0xFF2E, 0xFF4E), (0xFF2F, 0xFF4F), (0xFF30, 0xFF50), (0xFF31, 0xFF51), (0xFF32, 0xFF52),
    (0xFF33, 0xFF53), (0xFF34, 0xFF54), (0xFF35, 0xFF55), (0xFF36, 0xFF56), (0xFF37, 0xFF57), (0xFF38, 0xFF58), (0xFF39, 0xFF59), (0xFF3A, 0xFF5A),
    (0x10400, 0x10428), (0x10401, 0x10429), (0x10402, 0x1042A), (0x10403, 0x1042B), (0x10404, 0x1042C), (0x10405, 0x1042D), (0x10406, 0x1042E), (0x10407, 0x1042F),
    (0x10408, 0x10430), (0x10409, 0x10431), (0x1040A, 0x10432), (0x1040B, 0x10433), (0x1040C, 0x10434), (0x1040D, 0x10435), (0x1040E, 0x10436), (0x1040F, 0x10437),
    (0x10410, 0x10438), (0x10411, 0x10439), (0x10412, 0x1043A), (0x10413, 0x1043B), (0x10414, 0x1043C), (0x10415, 0x1043D), (0x10416, 0x1043E), (0x10417, 0x1043F),
    (0x10418, 0x10440), (0x10419, 0x10441), (0x1041A, 0x10442), (0x1041B, 0x10443), (0x1041C, 0x10444), (0x1041D, 0x10445), (0x1041E, 0x10446), (0x1041F, 0x10447),
    (0x10420, 0x10448), (0x10421, 0x10449), (0x10422, 0x1044A), (0x10423, 0x1044B), (0x10424, 0x1044C), (0x10425, 0x1044D), (0x10426, 0x1044E), (0x10427, 0x1044F),
    (0x104B0, 0x104D8), (0x104B1, 0x104D9), (0x104B2, 0x104DA), (0x104B3, 0x104DB), (0x104B4, 0x104DC), (0x104B5, 0x104DD), (0x104B6, 0x104DE), (0x104B7, 0x104DF),
    (0x104B8, 0x104E0), (0x104B9, 0x104E1), (0x104BA, 0x104E2), (0x104BB, 0x104E3), (0x104BC, 0x104E4), (0x104BD, 0x104E5), (0x104BE, 0x104E6), (0x104BF, 0x104E7),
    (0x104C0, 0x104E8), (0x104C1, 0x104E9), (0x104C2, 0x104EA), (0x104C3, 0x104EB), (0x104C4, 0x104EC), (0x104C5, 0x104ED), (0x104C6, 0x104EE), (0x104C7, 0x104EF),
    (0x104C8, 0x104F0), (0x104C9, 0x104F1), (0x104CA, 0x104F2), (0x104CB, 0x104F3), (0x104CC, 0x104F4), (0x104CD, 0x104F5), (0x104CE, 0x104F6), (0x104CF, 0x104F7),
    (0x104D0, 0x104F8), (0x104D1, 0x104F9), (0x104D2, 0x104FA), (0x104D3, 0x104FB), (0x10C80, 0x10CC0), (0x10C81, 0x10CC1), (0x10C82, 0x10CC2), (0x10C83, 0x10CC3),
    (0x10C84, 0x10CC4), (0x10C85, 0x10CC5), (0x10C86, 0x10CC6), (0x10C87, 0x10CC7), (0x10C88, 0x10CC8), (0x10C89, 0x10CC9), (0x10C8A, 0x10CCA), (0x10C8B, 0x10CCB),
    (0x10C8C, 0x10CCC), (0x10C8D, 0x10CCD), (0x10C8E, 0x10CCE), (0x10C8F, 0x10CCF), (0x10C90, 0x10CD0), (0x10C91, 0x10CD1), (0x10C92, 0x10CD2), (0x10C93, 0x10CD3),
    (0x10C94, 0x10CD4), (0x10C95, 0x10CD5), (0x10C96, 0x10CD6), (0x10C97, 0x10CD7), (0x10C98, 0x10CD8), (0x10C99, 0x10CD9), (0x10C9A, 0x10CDA), (0x10C9B, 0x10CDB),
    (0x10C9C, 0x10CDC), (0x10C9D, 0x10CDD), (0x10C9E, 0x10CDE), (0x10C9F, 0x10CDF), (0x10CA0, 0x10CE0), (0x10CA1, 0x10CE1), (0x10CA2, 0x10CE2), (0x10CA3, 0x10CE3),
    (0x10CA4, 0x10CE4), (0x10CA5, 0x10CE5), (0x10CA6, 0x10CE6), (0x10CA7, 0x10CE7), (0x10CA8, 0x10CE8), (0x10CA9, 0x10CE9), (0x10CAA, 0x10CEA), (0x10CAB, 0x10CEB),
    (0x10CAC, 0x10CEC), (0x10CAD, 0x10CED), (0x10CAE, 0x10CEE), (0x10CAF, 0x10CEF), (0x10CB0, 0x10CF0), (0x10CB1, 0x10CF1), (0x10CB2, 0x10CF2), (0x118A0, 0x118C0),
    (0x118A1, 0x118C1), (0x118A2, 0x118C2), (0x118A3, 0x118C3), (0x118A4, 0x118C4), (0x118A5, 0x118C5), (0x118A6, 0x118C6), (0x118A7, 0x118C7), (0x118A8, 0x118C8),
    (0x118A9, 0x118C9), (0x118AA, 0x118CA), (0x118AB, 0x118CB), (0x118AC, 0x118CC), (0x118AD, 0x118CD), (0x118AE, 0x118CE), (0x118AF, 0x118CF), (0x118B0, 0x118D0),
    (0x118B1, 0x118D1), (0x118B2, 0x118D2), (0x118B3, 0x118D3), (0x118B4, 0x118D4), (0x118B5, 0x118D5), (0x118B6, 0x118D6), (0x118B7, 0x118D7), (0x118B8, 0x118D8),
    (0x118B9, 0x118D9), (0x118BA, 0x118DA), (0x118BB, 0x118DB), (0x118BC, 0x118DC), (0x118BD, 0x118DD), (0x118BE, 0x118DE), (0x118BF, 0x118DF), (0x16E40, 0x16E60),
    (0x16E41, 0x16E61), (0x16E42, 0x16E62), (0x16E43, 0x16E63), (0x16E44, 0x16E64), (0x16E45, 0x16E65), (0x16E46, 0x16E66), (0x16E47, 0x16E67), (0x16E48, 0x16E68),
    (0x16E49, 0x16E69), (0x16E4A, 0x16E6A), (0x16E4B, 0x16E6B), (0x16E4C, 0x16E6C), (0x16E4D, 0x16E6D), (0x16E4E, 0x16E6E), (0x16E4F, 0x16E6F), (0x16E50, 0x16E70),
    (0x16E51, 0x16E71), (0x16E52, 0x16E72), (0x16E53, 0x16E73), (0x16E54, 0x16E74), (0x16E55, 0x16E75), (0x16E56, 0x16E76), (0x16E57, 0x16E77), (0x16E58, 0x16E78),
    (0x16E59, 0x16E79), (0x16E5A, 0x16E7A), (0x16E5B, 0x16E7B), (0x16E5C, 0x16E7C), (0x16E5D, 0x16E7D), (0x16E5E, 0x16E7E), (0x16E5F, 0x16E7F), (0x1E900, 0x1E922),
    (0x1E901, 0x1E923), (0x1E902, 0x1E924), (0x1E903, 0x1E925), (0x1E904, 0x1E926), (0x1E905, 0x1E927), (0x1E906, 0x1E928), (0x1E907, 0x1E929), (0x1E908, 0x1E92A),
    (0x1E909, 0x1E92B), (0x1E90A, 0x1E92C), (0x1E90B, 0x1E92D), (0x1E90C, 0x1E92E), (0x1E90D, 0x1E92F), (0x1E90E, 0x1E930), (0x1E90F, 0x1E931), (0x1E910, 0x1E932),
    (0x1E911, 0x1E933), (0x1E912, 0x1E934), (0x1E913, 0x1E935), (0x1E914, 0x1E936), (0x1E915, 0x1E937), (0x1E916, 0x1E938), (0x1E917, 0x1E939), (0x1E918, 0x1E93A),
    (0x1E919, 0x1E93B), (0x1E91A, 0x1E93C), (0x1E91B, 0x1E93D), (0x1E91C, 0x1E93E), (0x1E91D, 0x1E93F), (0x1E91E, 0x1E940), (0x1E91F, 0x1E941), (0x1E920, 0x1E942),
    (0x1E921, 0x1E943),
];

/// sre's uppercase (_PyUnicode_ToUppercase) where it is not the character itself.
pub const UPPER: &[(u32, u32)] = &[
    (0x61, 0x41), (0x62, 0x42), (0x63, 0x43), (0x64, 0x44), (0x65, 0x45), (0x66, 0x46), (0x67, 0x47), (0x68, 0x48),
    (0x69, 0x49), (0x6A, 0x4A), (0x6B, 0x4B), (0x6C, 0x4C), (0x6D, 0x4D), (0x6E, 0x4E), (0x6F, 0x4F), (0x70, 0x50),
    (0x71, 0x51), (0x72, 0x52), (0x73, 0x53), (0x74, 0x54), (0x75, 0x55), (0x76, 0x56), (0x77, 0x57), (0x78, 0x58),
    (0x79, 0x59), (0x7A, 0x5A), (0xB5, 0x39C), (0xDF, 0x53), (0xE0, 0xC0), (0xE1, 0xC1), (0xE2, 0xC2), (0xE3, 0xC3),
    (0xE4, 0xC4), (0xE5, 0xC5), (0xE6, 0xC6), (0xE7, 0xC7), (0xE8, 0xC8), (0xE9, 0xC9), (0xEA, 0xCA), (0xEB, 0xCB),
    (0xEC, 0xCC), (0xED, 0xCD), (0xEE, 0xCE), (0xEF, 0xCF), (0xF0, 0xD0), (0xF1, 0xD1), (0xF2, 0xD2), (0xF3, 0xD3),
    (0xF4, 0xD4), (0xF5, 0xD5), (0xF6, 0xD6), (0xF8, 0xD8), (0xF9, 0xD9), (0xFA, 0xDA), (0xFB, 0xDB), (0xFC, 0xDC),
    (0xFD, 0xDD), (0xFE, 0xDE), (0xFF, 0x178), (0x101, 0x100), (0x103, 0x102), (0x105, 0x104), (0x107, 0x106), (0x109, 0x108),
    (0x10B, 0x10A), (0x10D, 0x10C), (0x10F, 0x10E), (0x111, 0x110), (0x113, 0x112), (0x115, 0x114), (0x117, 0x116), (0x119, 0x118),
    (0x11B, 0x11A), (0x11D, 0x11C), (0x11F, 0x11E), (0x121, 0x120), (0x123, 0x122), (0x125, 0x124), (0x127, 0x126), (0x129, 0x128),
    (0x12B, 0x12A), (0x12D, 0x12C), (0x12F, 0x12E), (0x131, 0x49), (0x133, 0x132), (0x135, 0x134), (0x137, 0x136), (0x13A, 0x139),
    (0x13C, 0x13B), (0x13E, 0x13D), (0x140, 0x13F), (0x142, 0x141), (0x144, 0x143), (0x146, 0x145), (0x148, 0x147), (0x149, 0x2BC),
    (0x14B, 0x14A), (0x14D, 0x14C), (0x14F, 0x14E), (0x151, 0x150), (0x153, 0x152), (0x155, 0x154), (0x157, 0x156), (0x159, 0x158),
    (0x15B, 0x15A), (0x15D, 0x15C), (0x15F, 0x15E), (0x161, 0x160), (0x163, 0x162), (0x165, 0x164), (0x167, 0x166), (0x169, 0x168),
    (0x16B, 0x16A), (0x16D, 0x16C), (0x16F, 0x16E), (0x171, 0x170), (0x173, 0x172), (0x175, 0x174), (0x177, 0x176), (0x17A, 0x179),
    (0x17C, 0x17B), (0x17E, 0x17D), (0x17F, 0x53), (0x180, 0x243), (0x183, 0x182), (0x185, 0x184), (0x188, 0x187), (0x18C, 0x18B),
    (0x192, 0x191), (0x195, 0x1F6), (0x199, 0x198), (0x19A, 0x23D), (0x19E, 0x220), (0x1A1, 0x1A0), (0x1A3, 0x1A2), (0x1A5, 0x1A4),
    (0x1A8, 0x1A7), (0x1AD, 0x1AC), (0x1B0, 0x1AF), (0x1B4, 0x1B3), (0x1B6, 0x1B5), (0x1B9, 0x1B8), (0x1BD, 0x1BC), (0x1BF, 0x1F7),
    (0x1C5, 0x1C4), (0x1C6, 0x1C4), (0x1C8, 0x1C7), (0x1C9, 0x1C7), (0x1CB, 0x1CA), (0x1CC, 0x1CA), (0x1CE, 0x1CD), (0x1D0, 0x1CF),
    (0x1D2, 0x1D1), (0x1D4, 0x1D3), (0x1D6, 0x1D5), (0x1D8, 0x1D7), (0x1DA, 0x1D9), (0x1DC, 0x1DB), (0x1DD, 0x18E), (0x1DF, 0x1DE),
    (0x1E1, 0x1E0), (0x1E3, 0x1E2), (0x1E5, 0x1E4), (0x1E7, 0x1E6), (0x1E9, 0x1E8), (0x1EB, 0x1EA), (0x1ED, 0x1EC), (0x1EF, 0x1EE),
    (0x1F0, 0x4A), (0x1F2, 0x1F1), (0x1F3, 0x1F1), (0x1F5, 0x1F4), (0x1F9, 0x1F8), (0x1FB, 0x1FA), (0x1FD, 0x1FC), (0x1FF, 0x1FE),
    (0x201, 0x200), (0x203, 0x202), (0x205, 0x204), (0x207, 0x206), (0x209, 0x208), (0x20B, 0x20A), (0x20D, 0x20C), (0x20F, 0x20E),
    (0x211, 0x210), (0x213, 0x212), (0x215, 0x214), (0x217, 0x216), (0x219, 0x218), (0x21B, 0x21A), (0x21D, 0x21C), (0x21F, 0x21E),
    (0x223, 0x222), (0x225, 0x224), (0x227, 0x226), (0x229, 0x228), (0x22B, 0x22A), (0x22D, 0x22C), (0x22F, 0x22E), (0x231, 0x230),
    (0x233, 0x232), (0x23C, 0x23B), (0x23F, 0x2C7E), (0x240, 0x2C7F), (0x242, 0x241), (0x247, 0x246), (0x249, 0x248), (0x24B, 0x24A),
    (0x24D, 0x24C), (0x24F, 0x24E), (0x250, 0x2C6F), (0x251, 0x2C6D), (0x252, 0x2C70), (0x253, 0x181), (0x254, 0x186), (0x256, 0x189),
    (0x257, 0x18A), (0x259, 0x18F), (0x25B, 0x190), (0x25C, 0xA7AB), (0x260, 0x193), (0x261, 0xA7AC), (0x263, 0x194), (0x265, 0xA78D),
    (0x266, 0xA7AA), (0x268, 0x197), (0x269, 0x196), (0x26A, 0xA7AE), (0x26B, 0x2C62), (0x26C, 0xA7AD), (0x26F, 0x19C), (0x271, 0x2C6E),
    (0x272, 0x19D), (0x275, 0x19F), (0x27D, 0x2C64), (0x280, 0x1A6), (0x282, 0xA7C5), (0x283, 0x1A9), (0x287, 0xA7B1), (0x288, 0x1AE),
    (0x289, 0x244), (0x28A, 0x1B1), (0x28B, 0x1B2), (0x28C, 0x245), (0x292, 0x1B7), (0x29D, 0xA7B2), (0x29E, 0xA7B0), (0x345, 0x399),
    (0x371, 0x370), (0x373, 0x372), (0x377, 0x376), (0x37B, 0x3FD), (0x37C, 0x3FE), (0x37D, 0x3FF), (0x390, 0x399), (0x3AC, 0x386),
    (0x3AD, 0x388), (0x3AE, 0x389), (0x3AF, 0x38A), (0x3B0, 0x3A5), (0x3B1, 0x391), (0x3B2, 0x392), (0x3B3, 0x393), (0x3B4, 0x394),
    (0x3B5, 0x395), (0x3B6, 0x396), (0x3B7, 0x397), (0x3B8, 0x398), (0x3B9, 0x399), (0x3BA, 0x39A), (0x3BB, 0x39B), (0x3BC, 0x39C),
    (0x3BD, 0x39D), (0x3BE, 0x39E), (0x3BF, 0x39F), (0x3C0, 0x3A0), (0x3C1, 0x3A1), (0x3C2, 0x3A3), (0x3C3, 0x3A3), (0x3C4, 0x3A4),
    (0x3C5, 0x3A5), (0x3C6, 0x3A6), (0x3C7, 0x3A7), (0x3C8, 0x3A8), (0x3C9, 0x3A9), (0x3CA, 0x3AA), (0x3CB, 0x3AB), (0x3CC, 0x38C),
    (0x3CD, 0x38E), (0x3CE, 0x38F), (0x3D0, 0x392), (0x3D1, 0x398), (0x3D5, 0x3A6), (0x3D6, 0x3A0), (0x3D7, 0x3CF), (0x3D9, 0x3D8),
    (0x3DB, 0x3DA), (0x3DD, 0x3DC), (0x3DF, 0x3DE), (0x3E1, 0x3E0), (0x3E3, 0x3E2), (0x3E5, 0x3E4), (0x3E7, 0x3E6), (0x3E9, 0x3E8),
    (0x3EB, 0x3EA), (0x3ED, 0x3EC), (0x3EF, 0x3EE), (0x3F0, 0x39A), (0x3F1, 0x3A1), (0x3F2, 0x3F9), (0x3F3, 0x37F), (0x3F5, 0x395),
    (0x3F8, 0x3F7), (0x3FB, 0x3FA), (0x430, 0x410), (0x431, 0x411), (0x432, 0x412), (0x433, 0x413), (0x434, 0x414), (0x435, 0x415),
    (0x436, 0x416), (0x437, 0x417), (0x438, 0x418), (0x439, 0x419), (0x43A, 0x41A), (0x43B, 0x41B), (0x43C, 0x41C), (0x43D, 0x41D),
    (0x43E, 0x41E), (0x43F, 0x41F), (0x440, 0x420), (0x441, 0x421), (0x442, 0x422), (0x443, 0x423), (0x444, 0x424), (0x445, 0x425),
    (0x446, 0x426), (0x447, 0x427), (0x448, 0x428), (0x449, 0x429), (0x44A, 0x42A), (0x44B, 0x42B), (0x44C, 0x42C), (0x44D, 0x42D),
    (0x44E, 0x42E), (0x44F, 0x42F), (0x450, 0x400), (0x451, 0x401), (0x452, 0x402), (0x453, 0x403), (0x454, 0x404), (0x455, 0x405),
    (0x456, 0x406), (0x457, 0x407), (0x458, 0x408), (0x459, 0x409), (0x45A, 0x40A), (0x45B, 0x40B), (0x45C, 0x40C), (0x45D, 0x40D),
    (0x45E, 0x40E), (0x45F, 0x40F), (0x461, 0x460), (0x463, 0x462), (0x465, 0x464), (0x467, 0x466), (0x469, 0x468), (0x46B, 0x46A),
    (0x46D, 0x46C), (0x46F, 0x46E), (0x471, 0x470), (0x473, 0x472), (0x475, 0x474), (0x477, 0x476), (0x479, 0x478), (0x47B, 0x47A),
    (0x47D, 0x47C), (0x47F, 0x47E), (0x481, 0x480), (0x48B, 0x48A), (0x48D, 0x48C), (0x48F, 0x48E), (0x491, 0x490), (0x493, 0x492),
    (0x495, 0x494), (0x497, 0x496), (0x499, 0x498), (0x49B, 0x49A), (0x49D, 0x49C), (0x49F, 0x49E), (0x4A1, 0x4A0), (0x4A3, 0x4A2),
    (0x4A5, 0x4A4), (0x4A7, 0x4A6), (0x4A9, 0x4A8), (0x4AB, 0x4AA), (0x4AD, 0x4AC), (0x4AF, 0x4AE), (0x4B1, 0x4B0), (0x4B3, 0x4B2),
    (0x4B5, 0x4B4), (0x4B7, 0x4B6), (0x4B9, 0x4B8), (0x4BB, 0x4BA), (0x4BD, 0x4BC), (0x4BF, 0x4BE), (0x4C2, 0x4C1), (0x4C4, 0x4C3),
    (0x4C6, 0x4C5), (0x4C8, 0x4C7), (0x4CA, 0x4C9), (0x4CC, 0x4CB), (0x4CE, 0x4CD), (0x4CF, 0x4C0), (0x4D1, 0x4D0), (0x4D3, 0x4D2),
    (0x4D5, 0x4D4), (0x4D7, 0x4D6), (0x4D9, 0x4D8), (0x4DB, 0x4DA), (0x4DD, 0x4DC), (0x4DF, 0x4DE), (0x4E1, 0x4E0), (0x4E3, 0x4E2),
    (0x4E5, 0x4E4), (0x4E7, 0x4E6), (0x4E9, 0x4E8), (0x4EB, 0x4EA), (0x4ED, 0x4EC), (0x4EF, 0x4EE), (0x4F1, 0x4F0), (0x4F3, 0x4F2),
    (0x4F5, 0x4F4), (0x4F7, 0x4F6), (0x4F9, 0x4F8), (0x4FB, 0x4FA), (0x4FD, 0x4FC), (0x4FF, 0x4FE), (0x501, 0x500), (0x503, 0x502),
    (0x505, 0x504), (0x507, 0x506), (0x509, 0x508), (0x50B, 0x50A), (0x50D, 0x50C), (0x50F, 0x50E), (0x511, 0x510), (0x513, 0x512),
    (0x515, 0x514), (0x517, 0x516), (0x519, 0x518), (0x51B, 0x51A), (0x51D, 0x51C), (0x51F, 0x51E), (0x521, 0x520), (0x523, 0x522),
    (0x525, 0x524), (0x527, 0x526), (0x529, 0x528), (0x52B, 0x52A), (0x52D, 0x52C), (0x52F, 0x52E), (0x561, 0x531), (0x562, 0x532),
    (0x563, 0x533), (0x564, 0x534), (0x565, 0x535), (0x566, 0x536), (0x567, 0x537), (0x568, 0x538), (0x569, 0x539), (0x56A, 0x53A),
    (0x56B, 0x53B), (0x56C, 0x53C), (0x56D, 0x53D), (0x56E, 0x53E), (0x56F, 0x53F), (0x570, 0x540), (0x571, 0x541), (0x572, 0x542),
    (0x573, 0x543), (0x574, 0x544), (0x575, 0x545), (0x576, 0x546), (0x577, 0x547), (0x578, 0x548), (0x579, 0x549), (0x57A, 0x54A),
    (0x57B, 0x54B), (0x57C, 0x54C), (0x57D, 0x54D), (0x57E, 0x54E), (0x57F, 0x54F), (0x580, 0x550), (0x581, 0x551), (0x582, 0x552),
    (0x583, 0x553), (0x584, 0x554), (0x585, 0x555), (0x586, 0x556), (0x587, 0x535), (0x10D0, 0x1C90), (0x10D1, 0x1C91), (0x10D2, 0x1C92),
    (0x10D3, 0x1C93), (0x10D4, 0x1C94), (0x10D5, 0x1C95), (0x10D6, 0x1C96), (0x10D7, 0x1C97), (0x10D8, 0x1C98), (0x10D9, 0x1C99), (0x10DA, 0x1C9A),
    (0x10DB, 0x1C9B), (0x10DC, 0x1C9C), (0x10DD, 0x1C9D), (0x10DE, 0x1C9E), (0x10DF, 0x1C9F), (0x10E0, 0x1CA0), (0x10E1, 0x1CA1), (0x10E2, 0x1CA2),
    (0x10E3, 0x1CA3), (0x10E4, 0x1CA4), (0x10E5, 0x1CA5), (0x10E6, 0x1CA6), (0x10E7, 0x1CA7), (0x10E8, 0x1CA8), (0x10E9, 0x1CA9), (0x10EA, 0x1CAA),
    (0x10EB, 0x1CAB), (0x10EC, 0x1CAC), (0x10ED, 0x1CAD), (0x10EE, 0x1CAE), (0x10EF, 0x1CAF), (0x10F0, 0x1CB0), (0x10F1, 0x1CB1), (0x10F2, 0x1CB2),
    (0x10F3, 0x1CB3), (0x10F4, 0x1CB4), (0x10F5, 0x1CB5), (0x10F6, 0x1CB6), (0x10F7, 0x1CB7), (0x10F8, 0x1CB8), (0x10F9, 0x1CB9), (0x10FA, 0x1CBA),
    (0x10FD, 0x1CBD), (0x10FE, 0x1CBE), (0x10FF, 0x1CBF), (0x13F8, 0x13F0), (0x13F9, 0x13F1), (0x13FA, 0x13F2), (0x13FB, 0x13F3), (0x13FC, 0x13F4),
    (0x13FD, 0x13F5), (0x1C80, 0x412), (0x1C81, 0x414), (0x1C82, 0x41E), (0x1C83, 0x421), (0x1C84, 0x422), (0x1C85, 0x422), (0x1C86, 0x42A),
    (0x1C87, 0x462), (0x1C88, 0xA64A), (0x1D79, 0xA77D), (0x1D7D, 0x2C63), (0x1D8E, 0xA7C6), (0x1E01, 0x1E00), (0x1E03, 0x1E02), (0x1E05, 0x1E04),
    (0x1E07, 0x1E06), (0x1E09, 0x1E08), (0x1E0B, 0x1E0A), (0x1E0D, 0x1E0C), (0x1E0F, 0x1E0E), (0x1E11, 0x1E10), (0x1E13, 0x1E12), (0x1E15, 0x1E14),
    (0x1E17, 0x1E16), (0x1E19, 0x1E18), (0x1E1B, 0x1E1A), (0x1E1D, 0x1E1C), (0x1E1F, 0x1E1E), (0x1E21, 0x1E20), (0x1E23, 0x1E22), (0x1E25, 0x1E24),
    (0x1E27, 0x1E26), (0x1E29, 0x1E28), (0x1E2B, 0x1E2A), (0x1E2D, 0x1E2C), (0x1E2F, 0x1E2E), (0x1E31, 0x1E30), (0x1E33, 0x1E32), (0x1E35, 0x1E34),
    (0x1E37, 0x1E36), (0x1E39, 0x1E38), (0x1E3B, 0x1E3A), (0x1E3D, 0x1E3C), (0x1E3F, 0x1E3E), (0x1E41, 0x1E40), (0x1E43, 0x1E42), (0x1E45, 0x1E44),
    (0x1E47, 0x1E46), (0x1E49, 0x1E48), (0x1E4B, 0x1E4A), (0x1E4D, 0x1E4C), (0x1E4F, 0x1E4E), (0x1E51, 0x1E50), (0x1E53, 0x1E52), (0x1E55, 0x1E54),
    (0x1E57, 0x1E56), (0x1E59, 0x1E58), (0x1E5B, 0x1E5A), (0x1E5D, 0x1E5C), (0x1E5F, 0x1E5E), (0x1E61, 0x1E60), (0x1E63, 0x1E62), (0x1E65, 0x1E64),
    (0x1E67, 0x1E66), (0x1E69, 0x1E68), (0x1E6B, 0x1E6A), (0x1E6D, 0x1E6C), (0x1E6F, 0x1E6E), (0x1E71, 0x1E70), (0x1E73, 0x1E72), (0x1E75, 0x1E74),
    (0x1E77, 0x1E76), (0x1E79, 0x1E78), (0x1E7B, 0x1E7A), (0x1E7D, 0x1E7C), (0x1E7F, 0x1E7E), (0x1E81, 0x1E80), (0x1E83, 0x1E82), (0x1E85, 0x1E84),
    (0x1E87, 0x1E86), (0x1E89, 0x1E88), (0x1E8B, 0x1E8A), (0x1E8D, 0x1E8C), (0x1E8F, 0x1E8E), (0x1E91, 0x1E90), (0x1E93, 0x1E92), (0x1E95, 0x1E94),
    (0x1E96, 0x48), (0x1E97, 0x54), (0x1E98, 0x57), (0x1E99, 0x59), (0x1E9A, 0x41), (0x1E9B, 0x1E60), (0x1EA1, 0x1EA0), (0x1EA3, 0x1EA2),
    (0x1EA5, 0x1EA4), (0x1EA7, 0x1EA6), (0x1EA9, 0x1EA8), (0x1EAB, 0x1EAA), (0x1EAD, 0x1EAC), (0x1EAF, 0x1EAE), (0x1EB1, 0x1EB0), (0x1EB3, 0x1EB2),
    (0x1EB5, 0x1EB4), (0x1EB7, 0x1EB6), (0x1EB9, 0x1EB8), (0x1EBB, 0x1EBA), (0x1EBD, 0x1EBC), (0x1EBF, 0x1EBE), (0x1EC1, 0x1EC0), (0x1EC3, 0x1EC2),
    (0x1EC5, 0x1EC4), (0x1EC7, 0x1EC6), (0x1EC9, 0x1EC8), (0x1ECB, 0x1ECA), (0x1ECD, 0x1ECC), (0x1ECF, 0x1ECE), (0x1ED1, 0x1ED0), (0x1ED3, 0x1ED2),
    (0x1ED5, 0x1ED4), (0x1ED7, 0x1ED6), (0x1ED9, 0x1ED8), (0x1EDB, 0x1EDA), (0x1EDD, 0x1EDC), (0x1EDF, 0x1EDE), (0x1EE1, 0x1EE0), (0x1EE3, 0x1EE2),
    (0x1EE5, 0x1EE4), (0x1EE7, 0x1EE6), (0x1EE9, 0x1EE8), (0x1EEB, 0x1EEA), (0x1EED, 0x1EEC), (0x1EEF, 0x1EEE), (0x1EF1, 0x1EF0), (0x1EF3, 0x1EF2),
    (0x1EF5, 0x1EF4), (0x1EF7, 0x1EF6), (0x1EF9, 0x1EF8), (0x1EFB, 0x1EFA), (0x1EFD, 0x1EFC), (0x1EFF, 0x1EFE), (0x1F00, 0x1F08), (0x1F01, 0x1F09),
    (0x1F02, 0x1F0A), (0x1F03, 0x1F0B), (0x1F04, 0x1F0C), (0x1F05, 0x1F0D), (0x1F06, 0x1F0E), (0x1F07, 0x1F0F), (0x1F10, 0x1F18), (0x1F11, 0x1F19),
    (0x1F12, 0x1F1A), (0x1F13, 0x1F1B), (0x1F14, 0x1F1C), (0x1F15, 0x1F1D), (0x1F20, 0x1F28), (0x1F21, 0x1F29), (0x1F22, 0x1F2A), (0x1F23, 0x1F2B),
    (0x1F24, 0x1F2C), (0x1F25, 0x1F2D), (0x1F26, 0x1F2E), (0x1F27, 0x1F2F), (0x1F30, 0x1F38), (0x1F31, 0x1F39), (0x1F32, 0x1F3A), (0x1F33, 0x1F3B),
    (0x1F34, 0x1F3C), (0x1F35, 0x1F3D), (0x1F36, 0x1F3E), (0x1F37, 0x1F3F), (0x1F40, 0x1F48), (0x1F41, 0x1F49), (0x1F42, 0x1F4A), (0x1F43, 0x1F4B),
    (0x1F44, 0x1F4C), (0x1F45, 0x1F4D), (0x1F50, 0x3A5), (0x1F51, 0x1F59), (0x1F52, 0x3A5), (0x1F53, 0x1F5B), (0x1F54, 0x3A5), (0x1F55, 0x1F5D),
    (0x1F56, 0x3A5), (0x1F57, 0x1F5F), (0x1F60, 0x1F68), (0x1F61, 0x1F69), (0x1F62, 0x1F6A), (0x1F63, 0x1F6B), (0x1F64, 0x1F6C), (0x1F65, 0x1F6D),
    (0x1F66, 0x1F6E), (0x1F67, 0x1F6F), (0x1F70, 0x1FBA), (0x1F71, 0x1FBB), (0x1F72, 0x1FC8), (0x1F73, 0x1FC9), (0x1F74, 0x1FCA), (0x1F75, 0x1FCB),
    (0x1F76, 0x1FDA), (0x1F77, 0x1FDB), (0x1F78, 0x1FF8), (0x1F79, 0x1FF9), (0x1F7A, 0x1FEA), (0x1F7B, 0x1FEB), (0x1F7C, 0x1FFA), (0x1F7D, 0x1FFB),
    (0x1F80, 0x1F08), (0x1F81, 0x1F09), (0x1F82, 0x1F0A), (0x1F83, 0x1F0B), (0x1F84, 0x1F0C), (0x1F85, 0x1F0D), (0x1F86, 0x1F0E), (0x1F87, 0x1F0F),
    (0x1F88, 0x1F08), (0x1F89, 0x1F09), (0x1F8A, 0x1F0A), (0x1F8B, 0x1F0B), (0x1F8C, 0x1F0C), (0x1F8D, 0x1F0D), (0x1F8E, 0x1F0E), (0x1F8F, 0x1F0F),
    (0x1F90, 0x1F28), (0x1F91, 0x1F29), (0x1F92, 0x1F2A), (0x1F93, 0x1F2B), (0x1F94, 0x1F2C), (0x1F95, 0x1F2D), (0x1F96, 0x1F2E), (0x1F97, 0x1F2F),
    (0x1F98, 0x1F28), (0x1F99, 0x1F29), (0x1F9A, 0x1F2A), (0x1F9B, 0x1F2B), (0x1F9C, 0x1F2C), (0x1F9D, 0x1F2D), (0x1F9E, 0x1F2E), (0x1F9F, 0x1F2F),
    (0x1FA0, 0x1F68), (0x1FA1, 0x1F69), (0x1FA2, 0x1F6A), (0x1FA3, 0x1F6B), (0x1FA4, 0x1F6C), (0x1FA5, 0x1F6D), (0x1FA6, 0x1F6E), (0x1FA7, 0x1F6F),
    (0x1FA8, 0x1F68), (0x1FA9, 0x1F69), (0x1FAA, 0x1F6A), (0x1FAB, 0x1F6B), (0x1FAC, 0x1F6C), (0x1FAD, 0x1F6D), (0x1FAE, 0x1F6E), (0x1FAF, 0x1F6F),
    (0x1FB0, 0x1FB8), (0x1FB1, 0x1FB9), (0x1FB2, 0x1FBA), (0x1FB3, 0x391), (0x1FB4, 0x386), (0x1FB6, 0x391), (0x1FB7, 0x391), (0x1FBC, 0x391),
    (0x1FBE, 0x399), (0x1FC2, 0x1FCA), (0x1FC3, 0x397), (0x1FC4, 0x389), (0x1FC6, 0x397), (0x1FC7, 0x397), (0x1FCC, 0x397), (0x1FD0, 0x1FD8),
    (0x1FD1, 0x1FD9), (0x1FD2, 0x399), (0x1FD3, 0x399), (0x1FD6, 0x399), (0x1FD7, 0x399), (0x1FE0, 0x1FE8), (0x1FE1, 0x1FE9), (0x1FE2, 0x3A5),
    (0x1FE3, 0x3A5), (0x1FE4, 0x3A1), (0x1FE5, 0x1FEC), (0x1FE6, 0x3A5), (0x1FE7, 0x3A5), (0x1FF2, 0x1FFA), (0x1FF3, 0x3A9), (0x1FF4, 0x38F),
    (0x1FF6, 0x3A9), (0x1FF7, 0x3A9), (0x1FFC, 0x3A9), (0x214E, 0x2132), (0x2170, 0x2160), (0x2171, 0x2161), (0x2172, 0x2162), (0x2173, 0x2163),
    (0x2174, 0x2164), (0x2175, 0x2165), (0x2176, 0x2166), (0x2177, 0x2167), (0x2178, 0x2168), (0x2179, 0x2169), (0x217A, 0x216A), (0x217B, 0x216B),
    (0x217C, 0x216C), (0x217D, 0x216D), (0x217E, 0x216E), (0x217F, 0x216F), (0x2184, 0x2183), (0x24D0, 0x24B6), (0x24D1, 0x24B7), (0x24D2, 0x24B8),
    (0x24D3, 0x24B9), (0x24D4, 0x24BA), (0x24D5, 0x24BB), (0x24D6, 0x24BC), (0x24D7, 0x24BD), (0x24D8, 0x24BE), (0x24D9, 0x24BF), (0x24DA, 0x24C0),
    (0x24DB, 0x24C1), (0x24DC, 0x24C2), (0x24DD, 0x24C3), (0x24DE, 0x24C4), (0x24DF, 0x24C5), (0x24E0, 0x24C6), (0x24E1, 0x24C7), (0x24E2, 0x24C8),
    (0x24E3, 0x24C9), (0x24E4, 0x24CA), (0x24E5, 0x24CB), (0x24E6, 0x24CC), (0x24E7, 0x24CD), (0x24E8, 0x24CE), (0x24E9, 0x24CF), (0x2C30, 0x2C00),
    (0x2C31, 0x2C01), (0x2C32, 0x2C02), (0x2C33, 0x2C03), (0x2C34, 0x2C04), (0x2C35, 0x2C05), (0x2C36, 0x2C06), (0x2C37, 0x2C07), (0x2C38, 0x2C08),
    (0x2C39, 0x2C09), (0x2C3A, 0x2C0A), (0x2C3B, 0x2C0B), (0x2C3C, 0x2C0C), (0x2C3D, 0x2C0D), (0x2C3E, 0x2C0E), (0x2C3F, 0x2C0F), (0x2C40, 0x2C10),
    (0x2C41, 0x2C11), (0x2C42, 0x2C12), (0x2C43, 0x2C13), (0x2C44, 0x2C14), (0x2C45, 0x2C15), (0x2C46, 0x2C16), (0x2C47, 0x2C17), (0x2C48, 0x2C18),
    (0x2C49, 0x2C19), (0x2C4A, 0x2C1A), (0x2C4B, 0x2C1B), (0x2C4C, 0x2C1C), (0x2C4D, 0x2C1D), (0x2C4E, 0x2C1E), (0x2C4F, 0x2C1F), (0x2C50, 0x2C20),
    (0x2C51, 0x2C21), (0x2C52, 0x2C22), (0x2C53, 0x2C23), (0x2C54, 0x2C24), (0x2C55, 0x2C25), (0x2C56, 0x2C26), (0x2C57, 0x2C27), (0x2C58, 0x2C28),
    (0x2C59, 0x2C29), (0x2C5A, 0x2C2A), (0x2C5B, 0x2C2B), (0x2C5C, 0x2C2C), (0x2C5D, 0x2C2D), (0x2C5E, 0x2C2E), (0x2C61, 0x2C60), (0x2C65, 0x23A),
    (0x2C66, 0x23E), (0x2C68, 0x2C67), (0x2C6A, 0x2C69), (0x2C6C, 0x2C6B), (0x2C73, 0x2C72), (0x2C76, 0x2C75), (0x2C81, 0x2C80), (0x2C83, 0x2C82),
    (0x2C85, 0x2C84), (0x2C87, 0x2C86), (0x2C89, 0x2C88), (0x2C8B, 0x2C8A), (0x2C8D, 0x2C8C), (0x2C8F, 0x2C8E), (0x2C91, 0x2C90), (0x2C93, 0x2C92),
    (0x2C95, 0x2C94), (0x2C97, 0x2C96), (0x2C99, 0x2C98), (0x2C9B, 0x2C9A), (0x2C9D, 0x2C9C), (0x2C9F, 0x2C9E), (0x2CA1, 0x2CA0), (0x2CA3, 0x2CA2),
    (0x2CA5, 0x2CA4), (0x2CA7, 0x2CA6), (0x2CA9, 0x2CA8), (0x2CAB, 0x2CAA), (0x2CAD, 0x2CAC), (0x2CAF, 0x2CAE), (0x2CB1, 0x2CB0), (0x2CB3, 0x2CB2),
    (0x2CB5, 0x2CB4), (0x2CB7, 0x2CB6), (0x2CB9, 0x2CB8), (0x2CBB, 0x2CBA), (0x2CBD, 0x2CBC), (0x2CBF, 0x2CBE), (0x2CC1, 0x2CC0), (0x2CC3, 0x2CC2),
    (0x2CC5, 0x2CC4), (0x2CC7, 0x2CC6), (0x2CC9, 0x2CC8), (0x2CCB, 0x2CCA), (0x2CCD, 0x2CCC), (0x2CCF, 0x2CCE), (0x2CD1, 0x2CD0), (0x2CD3, 0x2CD2),
    (0x2CD5, 0x2CD4), (0x2CD7, 0x2CD6), (0x2CD9, 0x2CD8), (0x2CDB, 0x2CDA), (0x2CDD, 0x2CDC), (0x2CDF, 0x2CDE), (0x2CE1, 0x2CE0), (0x2CE3, 0x2CE2),
    (0x2CEC, 0x2CEB), (0x2CEE, 0x2CED), (0x2CF3, 0x2CF2), (0x2D00, 0x10A0), (0x2D01, 0x10A1), (0x2D02, 0x10A2), (0x2D03, 0x10A3), (0x2D04, 0x10A4),
    (0x2D05, 0x10A5), (0x2D06, 0x10A6), (0x2D07, 0x10A7), (0x2D08, 0x10A8), (0x2D09, 0x10A9), (0x2D0A, 0x10AA), (0x2D0B, 0x10AB), (0x2D0C, 0x10AC),
    (0x2D0D, 0x10AD), (0x2D0E, 0x10AE), (0x2D0F, 0x10AF), (0x2D10, 0x10B0), (0x2D11, 0x10B1), (0x2D12, 0x10B2), (0x2D13, 0x10B3), (0x2D14, 0x10B4),
    (0x2D15, 0x10B5), (0x2D16, 0x10B6), (0x2D17, 0x10B7), (0x2D18, 0x10B8), (0x2D19, 0x10B9), (0x2D1A, 0x10BA), (0x2D1B, 0x10BB), (0x2D1C, 0x10BC),
    (0x2D1D, 0x10BD), (0x2D1E, 0x10BE), (0x2D1F, 0x10BF), (0x2D20, 0x10C0), (0x2D21, 0x10C1), (0x2D22, 0x10C2), (0x2D23, 0x10C3), (0x2D24, 0x10C4),
    (0x2D25, 0x10C5), (0x2D27, 0x10C7), (0x2D2D, 0x10CD), (0xA641, 0xA640), (0xA643, 0xA642), (0xA645, 0xA644), (0xA647, 0xA646), (0xA649, 0xA648),
    (0xA64B, 0xA64A), (0xA64D, 0xA64C), (0xA64F, 0xA64E), (0xA651, 0xA650), (0xA653, 0xA652), (0xA655, 0xA654), (0xA657, 0xA656), (0xA659, 0xA658),
    (0xA65B, 0xA65A), (0xA65D, 0xA65C), (0xA65F, 0xA65E), (0xA661, 0xA660), (0xA663, 0xA662), (0xA665, 0xA664), (0xA667, 0xA666), (0xA669, 0xA668),
    (0xA66B, 0xA66A), (0xA66D, 0xA66C), (0xA681, 0xA680), (0xA683, 0xA682), (0xA685, 0xA684), (0xA687, 0xA686), (0xA689, 0xA688), (0xA68B, 0xA68A),
    (0xA68D, 0xA68C), (0xA68F, 0xA68E), (0xA691, 0xA690), (0xA693, 0xA692), (0xA695, 0xA694), (0xA697, 0xA696), (0xA699, 0xA698), (0xA69B, 0xA69A),
    (0xA723, 0xA722), (0xA725, 0xA724), (0xA727, 0xA726), (0xA729, 0xA728), (0xA72B, 0xA72A), (0xA72D, 0xA72C), (0xA72F, 0xA72E), (0xA733, 0xA732),
    (0xA735, 0xA734), (0xA737, 0xA736), (0xA739, 0xA738), (0xA73B, 0xA73A), (0xA73D, 0xA73C), (0xA73F, 0xA73E), (0xA741, 0xA740), (0xA743, 0xA742),
    (0xA745, 0xA744), (0xA747, 0xA746), (0xA749, 0xA748), (0xA74B, 0xA74A), (0xA74D, 0xA74C), (0xA74F, 0xA74E), (0xA751, 0xA750), (0xA753, 0xA752),
    (0xA755, 0xA754), (0xA757, 0xA756), (0xA759, 0xA758), (0xA75B, 0xA75A), (0xA75D, 0xA75C), (0xA75F, 0xA75E), (0xA761, 0xA760), (0xA763, 0xA762),
    (0xA765, 0xA764), (0xA767, 0xA766), (0xA769, 0xA768), (0xA76B, 0xA76A), (0xA76D, 0xA76C), (0xA76F, 0xA76E), (0xA77A, 0xA779), (0xA77C, 0xA77B),
    (0xA77F, 0xA77E), (0xA781, 0xA780), (0xA783, 0xA782), (0xA785, 0xA784), (0xA787, 0xA786), (0xA78C, 0xA78B), (0xA791, 0xA790), (0xA793, 0xA792),
    (0xA794, 0xA7C4), (0xA797, 0xA796), (0xA799, 0xA798), (0xA79B, 0xA79A), (0xA79D, 0xA79C), (0xA79F, 0xA79E), (0xA7A1, 0xA7A0), (0xA7A3, 0xA7A2),
    (0xA7A5, 0xA7A4), (0xA7A7, 0xA7A6), (0xA7A9, 0xA7A8), (0xA7B5, 0xA7B4), (0xA7B7, 0xA7B6), (0xA7B9, 0xA7B8), (0xA7BB, 0xA7BA), (0xA7BD, 0xA7BC),
    (0xA7BF, 0xA7BE), (0xA7C3, 0xA7C2), (0xA7C8, 0xA7C7), (0xA7CA, 0xA7C9), (0xA7F6, 0xA7F5), (0xAB53, 0xA7B3), (0xAB70, 0x13A0), (0xAB71, 0x13A1),
    (0xAB72, 0x13A2), (0xAB73, 0x13A3), (0xAB74, 0x13A4), (0xAB75, 0x13A5), (0xAB76, 0x13A6), (0xAB77, 0x13A7), (0xAB78, 0x13A8), (0xAB79, 0x13A9),
    (0xAB7A, 0x13AA), (0xAB7B, 0x13AB), (0xAB7C, 0x13AC), (0xAB7D, 0x13AD), (0xAB7E, 0x13AE), (0xAB7F, 0x13AF), (0xAB80, 0x13B0), (0xAB81, 0x13B1),
    (0xAB82, 0x13B2), (0xAB83, 0x13B3), (0xAB84, 0x13B4), (0xAB85, 0x13B5), (0xAB86, 0x13B6), (0xAB87, 0x13B7), (0xAB88, 0x13B8), (0xAB89, 0x13B9),
    (0xAB8A, 0x13BA), (0xAB8B, 0x13BB), (0xAB8C, 0x13BC), (0xAB8D, 0x13BD), (0xAB8E, 0x13BE), (0xAB8F, 0x13BF), (0xAB90, 0x13C0), (0xAB91, 0x13C1),
    (0xAB92, 0x13C2), (0xAB93, 0x13C3), (0xAB94, 0x13C4), (0xAB95, 0x13C5), (0xAB96, 0x13C6), (0xAB97, 0x13C7), (0xAB98, 0x13C8), (0xAB99, 0x13C9),
    (0xAB9A, 0x13CA), (0xAB9B, 0x13CB), (0xAB9C, 0x13CC), (0xAB9D, 0x13CD), (0xAB9E, 0x13CE), (0xAB9F, 0x13CF), (0xABA0, 0x13D0), (0xABA1, 0x13D1),
    (0xABA2, 0x13D2), (0xABA3, 0x13D3), (0xABA4, 0x13D4), (0xABA5, 0x13D5), (0xABA6, 0x13D6), (0xABA7, 0x13D7), (0xABA8, 0x13D8), (0xABA9, 0x13D9),
    (0xABAA, 0x13DA), (0xABAB, 0x13DB), (0xABAC, 0x13DC), (0xABAD, 0x13DD), (0xABAE, 0x13DE), (0xABAF, 0x13DF), (0xABB0, 0x13E0), (0xABB1, 0x13E1),
    (0xABB2, 0x13E2), (0xABB3, 0x13E3), (0xABB4, 0x13E4), (0xABB5, 0x13E5), (0xABB6, 0x13E6), (0xABB7, 0x13E7), (0xABB8, 0x13E8), (0xABB9, 0x13E9),
    (0xABBA, 0x13EA), (0xABBB, 0x13EB), (0xABBC, 0x13EC), (0xABBD, 0x13ED), (0xABBE, 0x13EE), (0xABBF, 0x13EF), (0xFB00, 0x46), (0xFB01, 0x46),
    (0xFB02, 0x46), (0xFB03, 0x46), (0xFB04, 0x46), (0xFB05, 0x53), (0xFB06, 0x53), (0xFB13, 0x544), (0xFB14, 0x544), (0xFB15, 0x544),
    (0xFB16, 0x54E), (0xFB17, 0x544), (0xFF41, 0xFF21), (0xFF42, 0xFF22), (0xFF43, 0xFF23), (0xFF44, 0xFF24), (0xFF45, 0xFF25), (0xFF46, 0xFF26),
    (0xFF47, 0xFF27), (0xFF48, 0xFF28), (0xFF49, 0xFF29), (0xFF4A, 0xFF2A), (0xFF4B, 0xFF2B), (0xFF4C, 0xFF2C), (0xFF4D, 0xFF2D), (0xFF4E, 0xFF2E),
    (0xFF4F, 0xFF2F), (0xFF50, 0xFF30), (0xFF51, 0xFF31), (0xFF52, 0xFF32), (0xFF53, 0xFF33), (0xFF54, 0xFF34), (0xFF55, 0xFF35), (0xFF56, 0xFF36),
    (0xFF57, 0xFF37), (0xFF58, 0xFF38), (0xFF59, 0xFF39), (0xFF5A, 0xFF3A), (0x10428, 0x10400), (0x10429, 0x10401), (0x1042A, 0x10402), (0x1042B, 0x10403),
    (0x1042C, 0x10404), (0x1042D, 0x10405), (0x1042E, 0x10406), (0x1042F, 0x10407), (0x10430, 0x10408), (0x10431, 0x10409), (0x10432, 0x1040A), (0x10433, 0x1040B),
    (0x10434, 0x1040C), (0x10435, 0x1040D), (0x10436, 0x1040E), (0x10437, 0x1040F), (0x10438, 0x10410), (0x10439, 0x10411), (0x1043A, 0x10412), (0x1043B, 0x10413),
    (0x1043C, 0x10414), (0x1043D, 0x10415), (0x1043E, 0x10416), (0x1043F, 0x10417), (0x10440, 0x10418), (0x10441, 0x10419), (0x10442, 0x1041A), (0x10443, 0x1041B),
    (0x10444, 0x1041C), (0x10445, 0x1041D), (0x10446, 0x1041E), (0x10447, 0x1041F), (0x10448, 0x10420), (0x10449, 0x10421), (0x1044A, 0x10422), (0x1044B, 0x10423),
    (0x1044C, 0x10424), (0x1044D, 0x10425), (0x1044E, 0x10426), (0x1044F, 0x10427), (0x104D8, 0x104B0), (0x104D9, 0x104B1), (0x104DA, 0x104B2), (0x104DB, 0x104B3),
    (0x104DC, 0x104B4), (0x104DD, 0x104B5), (0x104DE, 0x104B6), (0x104DF, 0x104B7), (0x104E0, 0x104B8), (0x104E1, 0x104B9), (0x104E2, 0x104BA), (0x104E3, 0x104BB),
    (0x104E4, 0x104BC), (0x104E5, 0x104BD), (0x104E6, 0x104BE), (0x104E7, 0x104BF), (0x104E8, 0x104C0), (0x104E9, 0x104C1), (0x104EA, 0x104C2), (0x104EB, 0x104C3),
    (0x104EC, 0x104C4), (0x104ED, 0x104C5), (0x104EE, 0x104C6), (0x104EF, 0x104C7), (0x104F0, 0x104C8), (0x104F1, 0x104C9), (0x104F2, 0x104CA), (0x104F3, 0x104CB),
    (0x104F4, 0x104CC), (0x104F5, 0x104CD), (0x104F6, 0x104CE), (0x104F7, 0x104CF), (0x104F8, 0x104D0), (0x104F9, 0x104D1), (0x104FA, 0x104D2), (0x104FB, 0x104D3),
    (0x10CC0, 0x10C80), (0x10CC1, 0x10C81), (0x10CC2, 0x10C82), (0x10CC3, 0x10C83), (0x10CC4, 0x10C84), (0x10CC5, 0x10C85), (0x10CC6, 0x10C86), (0x10CC7, 0x10C87),
    (0x10CC8, 0x10C88), (0x10CC9, 0x10C89), (0x10CCA, 0x10C8A), (0x10CCB, 0x10C8B), (0x10CCC, 0x10C8C), (0x10CCD, 0x10C8D), (0x10CCE, 0x10C8E), (0x10CCF, 0x10C8F),
    (0x10CD0, 0x10C90), (0x10CD1, 0x10C91), (0x10CD2, 0x10C92), (0x10CD3, 0x10C93), (0x10CD4, 0x10C94), (0x10CD5, 0x10C95), (0x10CD6, 0x10C96), (0x10CD7, 0x10C97),
    (0x10CD8, 0x10C98), (0x10CD9, 0x10C99), (0x10CDA, 0x10C9A), (0x10CDB, 0x10C9B), (0x10CDC, 0x10C9C), (0x10CDD, 0x10C9D), (0x10CDE, 0x10C9E), (0x10CDF, 0x10C9F),
    (0x10CE0, 0x10CA0), (0x10CE1, 0x10CA1), (0x10CE2, 0x10CA2), (0x10CE3, 0x10CA3), (0x10CE4, 0x10CA4), (0x10CE5, 0x10CA5), (0x10CE6, 0x10CA6), (0x10CE7, 0x10CA7),
    (0x10CE8, 0x10CA8), (0x10CE9, 0x10CA9), (0x10CEA, 0x10CAA), (0x10CEB, 0x10CAB), (0x10CEC, 0x10CAC), (0x10CED, 0x10CAD), (0x10CEE, 0x10CAE), (0x10CEF, 0x10CAF),
    (0x10CF0, 0x10CB0), (0x10CF1, 0x10CB1), (0x10CF2, 0x10CB2), (0x118C0, 0x118A0), (0x118C1, 0x118A1), (0x118C2, 0x118A2), (0x118C3, 0x118A3), (0x118C4, 0x118A4),
    (0x118C5, 0x118A5), (0x118C6, 0x118A6), (0x118C7, 0x118A7), (0x118C8, 0x118A8), (0x118C9, 0x118A9), (0x118CA, 0x118AA), (0x118CB, 0x118AB), (0x118CC, 0x118AC),
    (0x118CD, 0x118AD), (0x118CE, 0x118AE), (0x118CF, 0x118AF), (0x118D0, 0x118B0), (0x118D1, 0x118B1), (0x118D2, 0x118B2), (0x118D3, 0x118B3), (0x118D4, 0x118B4),
    (0x118D5, 0x118B5), (0x118D6, 0x118B6), (0x118D7, 0x118B7), (0x118D8, 0x118B8), (0x118D9, 0x118B9), (0x118DA, 0x118BA), (0x118DB, 0x118BB), (0x118DC, 0x118BC),
    (0x118DD, 0x118BD), (0x118DE, 0x118BE), (0x118DF, 0x118BF), (0x16E60, 0x16E40), (0x16E61, 0x16E41), (0x16E62, 0x16E42), (0x16E63, 0x16E43), (0x16E64, 0x16E44),
    (0x16E65, 0x16E45), (0x16E66, 0x16E46), (0x16E67, 0x16E47), (0x16E68, 0x16E48), (0x16E69, 0x16E49), (0x16E6A, 0x16E4A), (0x16E6B, 0x16E4B), (0x16E6C, 0x16E4C),
    (0x16E6D, 0x16E4D), (0x16E6E, 0x16E4E), (0x16E6F, 0x16E4F), (0x16E70, 0x16E50), (0x16E71, 0x16E51), (0x16E72, 0x16E52), (0x16E73, 0x16E53), (0x16E74, 0x16E54),
    (0x16E75, 0x16E55), (0x16E76, 0x16E56), (0x16E77, 0x16E57), (0x16E78, 0x16E58), (0x16E79, 0x16E59), (0x16E7A, 0x16E5A), (0x16E7B, 0x16E5B), (0x16E7C, 0x16E5C),
    (0x16E7D, 0x16E5D), (0x16E7E, 0x16E5E), (0x16E7F, 0x16E5F), (0x1E922, 0x1E900), (0x1E923, 0x1E901), (0x1E924, 0x1E902), (0x1E925, 0x1E903), (0x1E926, 0x1E904),
    (0x1E927, 0x1E905), (0x1E928, 0x1E906), (0x1E929, 0x1E907), (0x1E92A, 0x1E908), (0x1E92B, 0x1E909), (0x1E92C, 0x1E90A), (0x1E92D, 0x1E90B), (0x1E92E, 0x1E90C),
    (0x1E92F, 0x1E90D), (0x1E930, 0x1E90E), (0x1E931, 0x1E90F), (0x1E932, 0x1E910), (0x1E933, 0x1E911), (0x1E934, 0x1E912), (0x1E935, 0x1E913), (0x1E936, 0x1E914),
    (0x1E937, 0x1E915), (0x1E938, 0x1E916), (0x1E939, 0x1E917), (0x1E93A, 0x1E918), (0x1E93B, 0x1E919), (0x1E93C, 0x1E91A), (0x1E93D, 0x1E91B), (0x1E93E, 0x1E91C),
    (0x1E93F, 0x1E91D), (0x1E940, 0x1E91E), (0x1E941, 0x1E91F), (0x1E942, 0x1E920), (0x1E943, 0x1E921),
];

/// str.lower() where it is not LOWER's one character (Σ excepted: its context decides).
pub const FULL_LOWER: &[(u32, &[u32])] = &[
    (0x130, &[0x69, 0x307]),
];

/// str.upper() where it is not UPPER's one character.
pub const FULL_UPPER: &[(u32, &[u32])] = &[
    (0xDF, &[0x53, 0x53]),
    (0x149, &[0x2BC, 0x4E]),
    (0x1F0, &[0x4A, 0x30C]),
    (0x390, &[0x399, 0x308, 0x301]),
    (0x3B0, &[0x3A5, 0x308, 0x301]),
    (0x587, &[0x535, 0x552]),
    (0x1E96, &[0x48, 0x331]),
    (0x1E97, &[0x54, 0x308]),
    (0x1E98, &[0x57, 0x30A]),
    (0x1E99, &[0x59, 0x30A]),
    (0x1E9A, &[0x41, 0x2BE]),
    (0x1F50, &[0x3A5, 0x313]),
    (0x1F52, &[0x3A5, 0x313, 0x300]),
    (0x1F54, &[0x3A5, 0x313, 0x301]),
    (0x1F56, &[0x3A5, 0x313, 0x342]),
    (0x1F80, &[0x1F08, 0x399]),
    (0x1F81, &[0x1F09, 0x399]),
    (0x1F82, &[0x1F0A, 0x399]),
    (0x1F83, &[0x1F0B, 0x399]),
    (0x1F84, &[0x1F0C, 0x399]),
    (0x1F85, &[0x1F0D, 0x399]),
    (0x1F86, &[0x1F0E, 0x399]),
    (0x1F87, &[0x1F0F, 0x399]),
    (0x1F88, &[0x1F08, 0x399]),
    (0x1F89, &[0x1F09, 0x399]),
    (0x1F8A, &[0x1F0A, 0x399]),
    (0x1F8B, &[0x1F0B, 0x399]),
    (0x1F8C, &[0x1F0C, 0x399]),
    (0x1F8D, &[0x1F0D, 0x399]),
    (0x1F8E, &[0x1F0E, 0x399]),
    (0x1F8F, &[0x1F0F, 0x399]),
    (0x1F90, &[0x1F28, 0x399]),
    (0x1F91, &[0x1F29, 0x399]),
    (0x1F92, &[0x1F2A, 0x399]),
    (0x1F93, &[0x1F2B, 0x399]),
    (0x1F94, &[0x1F2C, 0x399]),
    (0x1F95, &[0x1F2D, 0x399]),
    (0x1F96, &[0x1F2E, 0x399]),
    (0x1F97, &[0x1F2F, 0x399]),
    (0x1F98, &[0x1F28, 0x399]),
    (0x1F99, &[0x1F29, 0x399]),
    (0x1F9A, &[0x1F2A, 0x399]),
    (0x1F9B, &[0x1F2B, 0x399]),
    (0x1F9C, &[0x1F2C, 0x399]),
    (0x1F9D, &[0x1F2D, 0x399]),
    (0x1F9E, &[0x1F2E, 0x399]),
    (0x1F9F, &[0x1F2F, 0x399]),
    (0x1FA0, &[0x1F68, 0x399]),
    (0x1FA1, &[0x1F69, 0x399]),
    (0x1FA2, &[0x1F6A, 0x399]),
    (0x1FA3, &[0x1F6B, 0x399]),
    (0x1FA4, &[0x1F6C, 0x399]),
    (0x1FA5, &[0x1F6D, 0x399]),
    (0x1FA6, &[0x1F6E, 0x399]),
    (0x1FA7, &[0x1F6F, 0x399]),
    (0x1FA8, &[0x1F68, 0x399]),
    (0x1FA9, &[0x1F69, 0x399]),
    (0x1FAA, &[0x1F6A, 0x399]),
    (0x1FAB, &[0x1F6B, 0x399]),
    (0x1FAC, &[0x1F6C, 0x399]),
    (0x1FAD, &[0x1F6D, 0x399]),
    (0x1FAE, &[0x1F6E, 0x399]),
    (0x1FAF, &[0x1F6F, 0x399]),
    (0x1FB2, &[0x1FBA, 0x399]),
    (0x1FB3, &[0x391, 0x399]),
    (0x1FB4, &[0x386, 0x399]),
    (0x1FB6, &[0x391, 0x342]),
    (0x1FB7, &[0x391, 0x342, 0x399]),
    (0x1FBC, &[0x391, 0x399]),
    (0x1FC2, &[0x1FCA, 0x399]),
    (0x1FC3, &[0x397, 0x399]),
    (0x1FC4, &[0x389, 0x399]),
    (0x1FC6, &[0x397, 0x342]),
    (0x1FC7, &[0x397, 0x342, 0x399]),
    (0x1FCC, &[0x397, 0x399]),
    (0x1FD2, &[0x399, 0x308, 0x300]),
    (0x1FD3, &[0x399, 0x308, 0x301]),
    (0x1FD6, &[0x399, 0x342]),
    (0x1FD7, &[0x399, 0x308, 0x342]),
    (0x1FE2, &[0x3A5, 0x308, 0x300]),
    (0x1FE3, &[0x3A5, 0x308, 0x301]),
    (0x1FE4, &[0x3A1, 0x313]),
    (0x1FE6, &[0x3A5, 0x342]),
    (0x1FE7, &[0x3A5, 0x308, 0x342]),
    (0x1FF2, &[0x1FFA, 0x399]),
    (0x1FF3, &[0x3A9, 0x399]),
    (0x1FF4, &[0x38F, 0x399]),
    (0x1FF6, &[0x3A9, 0x342]),
    (0x1FF7, &[0x3A9, 0x342, 0x399]),
    (0x1FFC, &[0x3A9, 0x399]),
    (0xFB00, &[0x46, 0x46]),
    (0xFB01, &[0x46, 0x49]),
    (0xFB02, &[0x46, 0x4C]),
    (0xFB03, &[0x46, 0x46, 0x49]),
    (0xFB04, &[0x46, 0x46, 0x4C]),
    (0xFB05, &[0x53, 0x54]),
    (0xFB06, &[0x53, 0x54]),
    (0xFB13, &[0x544, 0x546]),
    (0xFB14, &[0x544, 0x535]),
    (0xFB15, &[0x544, 0x53B]),
    (0xFB16, &[0x54E, 0x546]),
    (0xFB17, &[0x544, 0x53D]),
];

/// re's extra case equivalences (re._casefix._EXTRA_CASES): lowercase -> the others.
pub const CASE_FIXES: &[(u32, &[u32])] = &[
    (0x69, &[0x131]),
    (0x73, &[0x17F]),
    (0xB5, &[0x3BC]),
    (0x131, &[0x69]),
    (0x17F, &[0x73]),
    (0x345, &[0x3B9, 0x1FBE]),
    (0x390, &[0x1FD3]),
    (0x3B0, &[0x1FE3]),
    (0x3B2, &[0x3D0]),
    (0x3B5, &[0x3F5]),
    (0x3B8, &[0x3D1]),
    (0x3B9, &[0x345, 0x1FBE]),
    (0x3BA, &[0x3F0]),
    (0x3BC, &[0xB5]),
    (0x3C0, &[0x3D6]),
    (0x3C1, &[0x3F1]),
    (0x3C2, &[0x3C3]),
    (0x3C3, &[0x3C2]),
    (0x3C6, &[0x3D5]),
    (0x3D0, &[0x3B2]),
    (0x3D1, &[0x3B8]),
    (0x3D5, &[0x3C6]),
    (0x3D6, &[0x3C0]),
    (0x3F0, &[0x3BA]),
    (0x3F1, &[0x3C1]),
    (0x3F5, &[0x3B5]),
    (0x432, &[0x1C80]),
    (0x434, &[0x1C81]),
    (0x43E, &[0x1C82]),
    (0x441, &[0x1C83]),
    (0x442, &[0x1C84, 0x1C85]),
    (0x44A, &[0x1C86]),
    (0x463, &[0x1C87]),
    (0x1C80, &[0x432]),
    (0x1C81, &[0x434]),
    (0x1C82, &[0x43E]),
    (0x1C83, &[0x441]),
    (0x1C84, &[0x442, 0x1C85]),
    (0x1C85, &[0x442, 0x1C84]),
    (0x1C86, &[0x44A]),
    (0x1C87, &[0x463]),
    (0x1C88, &[0xA64B]),
    (0x1E61, &[0x1E9B]),
    (0x1E9B, &[0x1E61]),
    (0x1FBE, &[0x345, 0x3B9]),
    (0x1FD3, &[0x390]),
    (0x1FE3, &[0x3B0]),
    (0xA64B, &[0x1C88]),
    (0xFB05, &[0xFB06]),
    (0xFB06, &[0xFB05]),
];

/// (first, last, value of first) of each run of decimal digits: int() reads them.
pub const DECIMAL_RUNS: &[(u32, u32, u32)] = &[
    (0x30, 0x39, 0), (0x660, 0x669, 0), (0x6F0, 0x6F9, 0), (0x7C0, 0x7C9, 0), (0x966, 0x96F, 0), (0x9E6, 0x9EF, 0),
    (0xA66, 0xA6F, 0), (0xAE6, 0xAEF, 0), (0xB66, 0xB6F, 0), (0xBE6, 0xBEF, 0), (0xC66, 0xC6F, 0), (0xCE6, 0xCEF, 0),
    (0xD66, 0xD6F, 0), (0xDE6, 0xDEF, 0), (0xE50, 0xE59, 0), (0xED0, 0xED9, 0), (0xF20, 0xF29, 0), (0x1040, 0x1049, 0),
    (0x1090, 0x1099, 0), (0x17E0, 0x17E9, 0), (0x1810, 0x1819, 0), (0x1946, 0x194F, 0), (0x19D0, 0x19D9, 0), (0x1A80, 0x1A89, 0),
    (0x1A90, 0x1A99, 0), (0x1B50, 0x1B59, 0), (0x1BB0, 0x1BB9, 0), (0x1C40, 0x1C49, 0), (0x1C50, 0x1C59, 0), (0xA620, 0xA629, 0),
    (0xA8D0, 0xA8D9, 0), (0xA900, 0xA909, 0), (0xA9D0, 0xA9D9, 0), (0xA9F0, 0xA9F9, 0), (0xAA50, 0xAA59, 0), (0xABF0, 0xABF9, 0),
    (0xFF10, 0xFF19, 0), (0x104A0, 0x104A9, 0), (0x10D30, 0x10D39, 0), (0x11066, 0x1106F, 0), (0x110F0, 0x110F9, 0), (0x11136, 0x1113F, 0),
    (0x111D0, 0x111D9, 0), (0x112F0, 0x112F9, 0), (0x11450, 0x11459, 0), (0x114D0, 0x114D9, 0), (0x11650, 0x11659, 0), (0x116C0, 0x116C9, 0),
    (0x11730, 0x11739, 0), (0x118E0, 0x118E9, 0), (0x11950, 0x11959, 0), (0x11C50, 0x11C59, 0), (0x11D50, 0x11D59, 0), (0x11DA0, 0x11DA9, 0),
    (0x16A60, 0x16A69, 0), (0x16B50, 0x16B59, 0), (0x1D7CE, 0x1D7D7, 0), (0x1D7D8, 0x1D7E1, 0), (0x1D7E2, 0x1D7EB, 0), (0x1D7EC, 0x1D7F5, 0),
    (0x1D7F6, 0x1D7FF, 0), (0x1E140, 0x1E149, 0), (0x1E2F0, 0x1E2F9, 0), (0x1E950, 0x1E959, 0), (0x1FBF0, 0x1FBF9, 0),
];
